run	command
b0_baseline	/usr/bin/time -l /bin/zsh -lic 'oldstata -q -b do /Users/Mike/Documents/GitHub/stata-ctools/temp/transport_20260929/numeric_tile_sweep/b0_baseline/run.do' 2>/Users/Mike/Documents/GitHub/stata-ctools/temp/transport_20260929/numeric_tile_sweep/b0_baseline/resources.txt
b0_tile512	/usr/bin/time -l /bin/zsh -lic 'oldstata -q -b do /Users/Mike/Documents/GitHub/stata-ctools/temp/transport_20260929/numeric_tile_sweep/b0_tile512/run.do' 2>/Users/Mike/Documents/GitHub/stata-ctools/temp/transport_20260929/numeric_tile_sweep/b0_tile512/resources.txt
b0_tile64	/usr/bin/time -l /bin/zsh -lic 'oldstata -q -b do /Users/Mike/Documents/GitHub/stata-ctools/temp/transport_20260929/numeric_tile_sweep/b0_tile64/run.do' 2>/Users/Mike/Documents/GitHub/stata-ctools/temp/transport_20260929/numeric_tile_sweep/b0_tile64/resources.txt
b0_tile128	/usr/bin/time -l /bin/zsh -lic 'oldstata -q -b do /Users/Mike/Documents/GitHub/stata-ctools/temp/transport_20260929/numeric_tile_sweep/b0_tile128/run.do' 2>/Users/Mike/Documents/GitHub/stata-ctools/temp/transport_20260929/numeric_tile_sweep/b0_tile128/resources.txt
b0_tile256	/usr/bin/time -l /bin/zsh -lic 'oldstata -q -b do /Users/Mike/Documents/GitHub/stata-ctools/temp/transport_20260929/numeric_tile_sweep/b0_tile256/run.do' 2>/Users/Mike/Documents/GitHub/stata-ctools/temp/transport_20260929/numeric_tile_sweep/b0_tile256/resources.txt
b1_tile256	/usr/bin/time -l /bin/zsh -lic 'oldstata -q -b do /Users/Mike/Documents/GitHub/stata-ctools/temp/transport_20260929/numeric_tile_sweep/b1_tile256/run.do' 2>/Users/Mike/Documents/GitHub/stata-ctools/temp/transport_20260929/numeric_tile_sweep/b1_tile256/resources.txt
b1_tile128	/usr/bin/time -l /bin/zsh -lic 'oldstata -q -b do /Users/Mike/Documents/GitHub/stata-ctools/temp/transport_20260929/numeric_tile_sweep/b1_tile128/run.do' 2>/Users/Mike/Documents/GitHub/stata-ctools/temp/transport_20260929/numeric_tile_sweep/b1_tile128/resources.txt
b1_tile64	/usr/bin/time -l /bin/zsh -lic 'oldstata -q -b do /Users/Mike/Documents/GitHub/stata-ctools/temp/transport_20260929/numeric_tile_sweep/b1_tile64/run.do' 2>/Users/Mike/Documents/GitHub/stata-ctools/temp/transport_20260929/numeric_tile_sweep/b1_tile64/resources.txt
b1_tile512	/usr/bin/time -l /bin/zsh -lic 'oldstata -q -b do /Users/Mike/Documents/GitHub/stata-ctools/temp/transport_20260929/numeric_tile_sweep/b1_tile512/run.do' 2>/Users/Mike/Documents/GitHub/stata-ctools/temp/transport_20260929/numeric_tile_sweep/b1_tile512/resources.txt
b1_baseline	/usr/bin/time -l /bin/zsh -lic 'oldstata -q -b do /Users/Mike/Documents/GitHub/stata-ctools/temp/transport_20260929/numeric_tile_sweep/b1_baseline/run.do' 2>/Users/Mike/Documents/GitHub/stata-ctools/temp/transport_20260929/numeric_tile_sweep/b1_baseline/resources.txt
