af	44	160	-	E
af-latn-za	44	160	-	E
af-na	44	160	-	E
af-za	44	160	-	E
agq	44	160	-	E
agq-cm	44	160	-	E
agq-latn-cm	44	160	-	E
ak	46	44	-	E
ak-gh	46	44	-	E
ak-latn-gh	46	44	-	E
am	46	44	-	E
am-et	46	44	-	E
am-ethi-et	46	44	-	E
ar	1643	1644	؜-	اس
ar-001	1643	1644	؜-	اس
ar-ae	1643	1644	؜-	اس
ar-arab-eg	1643	1644	؜-	اس
ar-bh	1643	1644	؜-	اس
ar-dj	1643	1644	؜-	اس
ar-dz	44	46	‎-	E
ar-eg	1643	1644	؜-	اس
ar-eh	46	44	‎-	E
ar-er	1643	1644	؜-	اس
ar-il	1643	1644	؜-	اس
ar-iq	1643	1644	؜-	اس
ar-jo	1643	1644	؜-	اس
ar-km	1643	1644	؜-	اس
ar-kw	1643	1644	؜-	اس
ar-lb	1643	1644	؜-	اس
ar-ly	44	46	‎-	E
ar-ma	44	46	‎-	E
ar-mr	1643	1644	؜-	اس
ar-om	1643	1644	؜-	اس
ar-ps	1643	1644	؜-	اس
ar-qa	1643	1644	؜-	اس
ar-sa	1643	1644	؜-	اس
ar-sd	1643	1644	؜-	اس
ar-so	1643	1644	؜-	اس
ar-ss	1643	1644	؜-	اس
ar-sy	1643	1644	؜-	اس
ar-td	1643	1644	؜-	اس
ar-tn	44	46	‎-	E
ar-ye	1643	1644	؜-	اس
as	46	44	-	E
as-beng-in	46	44	-	E
as-in	46	44	-	E
asa	46	44	-	E
asa-latn-tz	46	44	-	E
asa-tz	46	44	-	E
ast	44	46	-	E
ast-es	44	46	-	E
ast-latn-es	44	46	-	E
az	44	46	-	E
az-az	44	46	-	E
az-cyrl	44	46	-	E
az-cyrl-az	44	46	-	E
az-latn	44	46	-	E
az-latn-az	44	46	-	E
bas	44	160	-	E
bas-cm	44	160	-	E
bas-latn-cm	44	160	-	E
be	44	160	-	E
be-by	44	160	-	E
be-cyrl-by	44	160	-	E
bem	46	44	-	E
bem-latn-zm	46	44	-	E
bem-zm	46	44	-	E
bez	46	44	-	E
bez-latn-tz	46	44	-	E
bez-tz	46	44	-	E
bg	44	160	-	E
bg-bg	44	160	-	E
bg-cyrl-bg	44	160	-	E
bm	46	44	-	E
bm-latn-ml	46	44	-	E
bm-ml	46	44	-	E
bn	46	44	-	E
bn-bd	46	44	-	E
bn-beng-bd	46	44	-	E
bn-in	46	44	-	E
bo	46	44	-	E
bo-cn	46	44	-	E
bo-in	46	44	-	E
bo-tibt-cn	46	44	-	E
br	44	160	-	E
br-fr	44	160	-	E
br-latn-fr	44	160	-	E
brx	46	44	-	E
brx-deva-in	46	44	-	E
brx-in	46	44	-	E
bs	44	46	-	E
bs-ba	44	46	-	E
bs-cyrl	44	46	-	E
bs-cyrl-ba	44	46	-	E
bs-latn	44	46	-	E
bs-latn-ba	44	46	-	E
ca	44	46	-	E
ca-ad	44	46	-	E
ca-es	44	46	-	E
ca-es-valencia	44	46	-	E
ca-fr	44	46	-	E
ca-it	44	46	-	E
ca-latn-es	44	46	-	E
ccp	46	44	-	E
ccp-bd	46	44	-	E
ccp-cakm-bd	46	44	-	E
ccp-in	46	44	-	E
ce	46	44	-	E
ce-cyrl-ru	46	44	-	E
ce-ru	46	44	-	E
ceb	46	44	-	E
ceb-latn-ph	46	44	-	E
ceb-ph	46	44	-	E
cgg	46	44	-	E
cgg-latn-ug	46	44	-	E
cgg-ug	46	44	-	E
chr	46	44	-	E
chr-cher-us	46	44	-	E
chr-us	46	44	-	E
ckb	1643	1644	‏-	اس
ckb-arab-iq	1643	1644	‏-	اس
ckb-iq	1643	1644	‏-	اس
ckb-ir	1643	1644	‏-	اس
cs	44	160	-	E
cs-cz	44	160	-	E
cs-latn-cz	44	160	-	E
cy	46	44	-	E
cy-gb	46	44	-	E
cy-latn-gb	46	44	-	E
da	44	46	-	E
da-dk	44	46	-	E
da-gl	44	46	-	E
da-latn-dk	44	46	-	E
dav	46	44	-	E
dav-ke	46	44	-	E
dav-latn-ke	46	44	-	E
de	44	46	-	E
de-at	44	160	-	E
de-be	44	46	-	E
de-ch	46	8217	-	E
de-de	44	46	-	E
de-it	44	46	-	E
de-latn-de	44	46	-	E
de-li	46	8217	-	E
de-lu	44	46	-	E
dje	46	160	-	E
dje-latn-ne	46	160	-	E
dje-ne	46	160	-	E
doi	46	44	-	E
doi-deva-in	46	44	-	E
doi-in	46	44	-	E
dsb	44	46	-	E
dsb-de	44	46	-	E
dsb-latn-de	44	46	-	E
dua	44	160	-	E
dua-cm	44	160	-	E
dua-latn-cm	44	160	-	E
dyo	44	160	-	E
dyo-latn-sn	44	160	-	E
dyo-sn	44	160	-	E
dz	46	44	-	E
dz-bt	46	44	-	E
dz-tibt-bt	46	44	-	E
ebu	46	44	-	E
ebu-ke	46	44	-	E
ebu-latn-ke	46	44	-	E
ee	46	44	-	E
ee-gh	46	44	-	E
ee-latn-gh	46	44	-	E
ee-tg	46	44	-	E
el	44	46	-	e
el-cy	44	46	-	e
el-gr	44	46	-	e
el-grek-gr	44	46	-	e
en	46	44	-	E
en-001	46	44	-	E
en-150	46	44	-	E
en-ae	46	44	-	E
en-ag	46	44	-	E
en-ai	46	44	-	E
en-as	46	44	-	E
en-at	44	46	-	E
en-au	46	44	-	e
en-bb	46	44	-	E
en-be	44	46	-	E
en-bi	46	44	-	E
en-bm	46	44	-	E
en-bs	46	44	-	E
en-bw	46	44	-	E
en-bz	46	44	-	E
en-ca	46	44	-	e
en-cc	46	44	-	E
en-ch	46	8217	-	E
en-ck	46	44	-	E
en-cm	46	44	-	E
en-cx	46	44	-	E
en-cy	46	44	-	E
en-de	44	46	-	E
en-dg	46	44	-	E
en-dk	44	46	-	E
en-dm	46	44	-	E
en-er	46	44	-	E
en-fi	44	160	-	E
en-fj	46	44	-	E
en-fk	46	44	-	E
en-fm	46	44	-	E
en-gb	46	44	-	E
en-gd	46	44	-	E
en-gg	46	44	-	E
en-gh	46	44	-	E
en-gi	46	44	-	E
en-gm	46	44	-	E
en-gu	46	44	-	E
en-gy	46	44	-	E
en-hk	46	44	-	E
en-ie	46	44	-	E
en-il	46	44	-	E
en-im	46	44	-	E
en-in	46	44	-	E
en-io	46	44	-	E
en-je	46	44	-	E
en-jm	46	44	-	E
en-ke	46	44	-	E
en-ki	46	44	-	E
en-kn	46	44	-	E
en-ky	46	44	-	E
en-latn-us	46	44	-	E
en-lc	46	44	-	E
en-lr	46	44	-	E
en-ls	46	44	-	E
en-mg	46	44	-	E
en-mh	46	44	-	E
en-mo	46	44	-	E
en-mp	46	44	-	E
en-ms	46	44	-	E
en-mt	46	44	-	E
en-mu	46	44	-	E
en-mw	46	44	-	E
en-my	46	44	-	E
en-na	46	44	-	E
en-nf	46	44	-	E
en-ng	46	44	-	E
en-nl	44	46	-	E
en-nr	46	44	-	E
en-nu	46	44	-	E
en-nz	46	44	-	E
en-pg	46	44	-	E
en-ph	46	44	-	E
en-pk	46	44	-	E
en-pn	46	44	-	E
en-pr	46	44	-	E
en-pw	46	44	-	E
en-rw	46	44	-	E
en-sb	46	44	-	E
en-sc	46	44	-	E
en-sd	46	44	-	E
en-se	44	160	-	×10^
en-sg	46	44	-	E
en-sh	46	44	-	E
en-si	44	46	-	e
en-sl	46	44	-	E
en-ss	46	44	-	E
en-sx	46	44	-	E
en-sz	46	44	-	E
en-tc	46	44	-	E
en-tk	46	44	-	E
en-to	46	44	-	E
en-tt	46	44	-	E
en-tv	46	44	-	E
en-tz	46	44	-	E
en-ug	46	44	-	E
en-um	46	44	-	E
en-us	46	44	-	E
en-us-posix	46	44	-	E
en-vc	46	44	-	E
en-vg	46	44	-	E
en-vi	46	44	-	E
en-vu	46	44	-	E
en-ws	46	44	-	E
en-za	44	160	-	E
en-zm	46	44	-	E
en-zw	46	44	-	E
eo	44	160	-	E
eo-001	44	160	-	E
eo-latn-001	44	160	-	E
es	44	46	-	E
es-419	46	44	-	E
es-ar	44	46	-	E
es-bo	44	46	-	E
es-br	46	44	-	E
es-bz	46	44	-	E
es-cl	44	46	-	E
es-co	44	46	-	E
es-cr	44	160	-	E
es-cu	46	44	-	E
es-do	46	44	-	E
es-ea	44	46	-	E
es-ec	44	46	-	E
es-es	44	46	-	E
es-gq	44	46	-	E
es-gt	46	44	-	E
es-hn	46	44	-	E
es-ic	44	46	-	E
es-latn-es	44	46	-	E
es-mx	46	44	-	E
es-ni	46	44	-	E
es-pa	46	44	-	E
es-pe	46	44	-	E
es-ph	44	46	-	E
es-pr	46	44	-	E
es-py	44	46	-	E
es-sv	46	44	-	E
es-us	46	44	-	E
es-uy	44	46	-	E
es-ve	44	46	-	E
et	44	160	−	×10^
et-ee	44	160	−	×10^
et-latn-ee	44	160	−	×10^
eu	44	46	−	E
eu-es	44	46	−	E
eu-latn-es	44	46	−	E
ewo	44	160	-	E
ewo-cm	44	160	-	E
ewo-latn-cm	44	160	-	E
fa	1643	1644	‎−	×۱۰^
fa-af	1643	1644	‎−	×۱۰^
fa-arab-ir	1643	1644	‎−	×۱۰^
fa-ir	1643	1644	‎−	×۱۰^
ff	44	160	-	E
ff-adlm	46	44	-	E
ff-adlm-bf	46	44	-	E
ff-adlm-cm	46	44	-	E
ff-adlm-gh	46	44	-	E
ff-adlm-gm	46	44	-	E
ff-adlm-gn	46	44	-	E
ff-adlm-gw	46	44	-	E
ff-adlm-lr	46	44	-	E
ff-adlm-mr	46	44	-	E
ff-adlm-ne	46	44	-	E
ff-adlm-ng	46	44	-	E
ff-adlm-sl	46	44	-	E
ff-adlm-sn	46	44	-	E
ff-gn	44	160	-	E
ff-latn	44	160	-	E
ff-latn-bf	44	160	-	E
ff-latn-cm	44	160	-	E
ff-latn-gh	44	160	-	E
ff-latn-gm	44	160	-	E
ff-latn-gn	44	160	-	E
ff-latn-gw	44	160	-	E
ff-latn-lr	44	160	-	E
ff-latn-mr	44	160	-	E
ff-latn-ne	44	160	-	E
ff-latn-ng	44	160	-	E
ff-latn-sl	44	160	-	E
ff-latn-sn	44	160	-	E
ff-sn	44	160	-	E
fi	44	160	−	E
fi-fi	44	160	−	E
fi-latn-fi	44	160	−	E
fil	46	44	-	E
fil-latn-ph	46	44	-	E
fil-ph	46	44	-	E
fo	44	46	−	E
fo-dk	44	46	−	E
fo-fo	44	46	−	E
fo-latn-fo	44	46	−	E
fr	44	8239	-	E
fr-be	44	8239	-	E
fr-bf	44	8239	-	E
fr-bi	44	8239	-	E
fr-bj	44	8239	-	E
fr-bl	44	8239	-	E
fr-ca	44	160	-	E
fr-cd	44	8239	-	E
fr-cf	44	8239	-	E
fr-cg	44	8239	-	E
fr-ch	44	8239	-	E
fr-ci	44	8239	-	E
fr-cm	44	8239	-	E
fr-dj	44	8239	-	E
fr-dz	44	8239	-	E
fr-fr	44	8239	-	E
fr-ga	44	8239	-	E
fr-gf	44	8239	-	E
fr-gn	44	8239	-	E
fr-gp	44	8239	-	E
fr-gq	44	8239	-	E
fr-ht	44	8239	-	E
fr-km	44	8239	-	E
fr-latn-fr	44	8239	-	E
fr-lu	44	46	-	E
fr-ma	44	46	-	E
fr-mc	44	8239	-	E
fr-mf	44	8239	-	E
fr-mg	44	8239	-	E
fr-ml	44	8239	-	E
fr-mq	44	8239	-	E
fr-mr	44	8239	-	E
fr-mu	44	8239	-	E
fr-nc	44	8239	-	E
fr-ne	44	8239	-	E
fr-pf	44	8239	-	E
fr-pm	44	8239	-	E
fr-re	44	8239	-	E
fr-rw	44	8239	-	E
fr-sc	44	8239	-	E
fr-sn	44	8239	-	E
fr-sy	44	8239	-	E
fr-td	44	8239	-	E
fr-tg	44	8239	-	E
fr-tn	44	8239	-	E
fr-vu	44	8239	-	E
fr-wf	44	8239	-	E
fr-yt	44	8239	-	E
fur	44	46	-	E
fur-it	44	46	-	E
fur-latn-it	44	46	-	E
fy	44	46	-	E
fy-latn-nl	44	46	-	E
fy-nl	44	46	-	E
ga	46	44	-	E
ga-gb	46	44	-	E
ga-ie	46	44	-	E
ga-latn-ie	46	44	-	E
gd	46	44	-	E
gd-gb	46	44	-	E
gd-latn-gb	46	44	-	E
gl	44	46	-	E
gl-es	44	46	-	E
gl-latn-es	44	46	-	E
gsw	46	8217	−	E
gsw-ch	46	8217	−	E
gsw-fr	46	8217	−	E
gsw-latn-ch	46	8217	−	E
gsw-li	46	8217	−	E
gu	46	44	-	E
gu-gujr-in	46	44	-	E
gu-in	46	44	-	E
guz	46	44	-	E
guz-ke	46	44	-	E
guz-latn-ke	46	44	-	E
gv	46	44	-	E
gv-im	46	44	-	E
gv-latn-im	46	44	-	E
ha	46	44	-	E
ha-gh	46	44	-	E
ha-latn-ng	46	44	-	E
ha-ne	46	44	-	E
ha-ng	46	44	-	E
haw	46	44	-	E
haw-latn-us	46	44	-	E
haw-us	46	44	-	E
he	46	44	‎-	E
he-hebr-il	46	44	‎-	E
he-il	46	44	‎-	E
hi	46	44	-	E
hi-deva-in	46	44	-	E
hi-in	46	44	-	E
hr	44	46	−	E
hr-ba	44	46	−	E
hr-hr	44	46	−	E
hr-latn-hr	44	46	−	E
hsb	44	46	-	E
hsb-de	44	46	-	E
hsb-latn-de	44	46	-	E
hu	44	160	-	E
hu-hu	44	160	-	E
hu-latn-hu	44	160	-	E
hy	44	160	-	E
hy-am	44	160	-	E
hy-armn-am	44	160	-	E
ia	44	46	-	E
ia-001	44	46	-	E
ia-latn-001	44	46	-	E
id	44	46	-	E
id-id	44	46	-	E
id-latn-id	44	46	-	E
ig	46	44	-	E
ig-latn-ng	46	44	-	E
ig-ng	46	44	-	E
ii	46	44	-	E
ii-cn	46	44	-	E
ii-yiii-cn	46	44	-	E
is	44	46	-	E
is-is	44	46	-	E
is-latn-is	44	46	-	E
it	44	46	-	E
it-ch	46	8217	-	E
it-it	44	46	-	E
it-latn-it	44	46	-	E
it-sm	44	46	-	E
it-va	44	46	-	E
ja	46	44	-	E
ja-jp	46	44	-	E
ja-jp-u-ca-japanese-x-lvariant-jp	46	44	-	E
ja-jpan-jp	46	44	-	E
jgo	44	46	-	E
jgo-cm	44	46	-	E
jgo-latn-cm	44	46	-	E
jmc	46	44	-	E
jmc-latn-tz	46	44	-	E
jmc-tz	46	44	-	E
jv	44	46	-	E
jv-id	44	46	-	E
jv-latn-id	44	46	-	E
ka	44	160	-	E
ka-ge	44	160	-	E
ka-geor-ge	44	160	-	E
kab	44	160	-	E
kab-dz	44	160	-	E
kab-latn-dz	44	160	-	E
kam	46	44	-	E
kam-ke	46	44	-	E
kam-latn-ke	46	44	-	E
kde	46	44	-	E
kde-latn-tz	46	44	-	E
kde-tz	46	44	-	E
kea	44	160	-	E
kea-cv	44	160	-	E
kea-latn-cv	44	160	-	E
khq	46	160	-	E
khq-latn-ml	46	160	-	E
khq-ml	46	160	-	E
ki	46	44	-	E
ki-ke	46	44	-	E
ki-latn-ke	46	44	-	E
kk	44	160	-	E
kk-cyrl-kz	44	160	-	E
kk-kz	44	160	-	E
kkj	44	46	-	E
kkj-cm	44	46	-	E
kkj-latn-cm	44	46	-	E
kl	44	46	-	E
kl-gl	44	46	-	E
kl-latn-gl	44	46	-	E
kln	46	44	-	E
kln-ke	46	44	-	E
kln-latn-ke	46	44	-	E
km	44	46	-	E
km-kh	44	46	-	E
km-khmr-kh	44	46	-	E
kn	46	44	-	E
kn-in	46	44	-	E
kn-knda-in	46	44	-	E
ko	46	44	-	E
ko-kore-kr	46	44	-	E
ko-kp	46	44	-	E
ko-kr	46	44	-	E
kok	46	44	-	E
kok-deva-in	46	44	-	E
kok-in	46	44	-	E
ks	1643	1644	‎-‎	×۱۰^
ks-arab	1643	1644	‎-‎	×۱۰^
ks-arab-in	1643	1644	‎-‎	×۱۰^
ks-in	1643	1644	‎-‎	×۱۰^
ksb	46	44	-	E
ksb-latn-tz	46	44	-	E
ksb-tz	46	44	-	E
ksf	44	160	-	E
ksf-cm	44	160	-	E
ksf-latn-cm	44	160	-	E
ksh	44	160	−	×10^
ksh-de	44	160	−	×10^
ksh-latn-de	44	160	−	×10^
ku	44	46	-	E
ku-latn-tr	44	46	-	E
ku-tr	44	46	-	E
kw	46	44	-	E
kw-gb	46	44	-	E
kw-latn-gb	46	44	-	E
ky	44	160	-	E
ky-cyrl-kg	44	160	-	E
ky-kg	44	160	-	E
lag	46	44	-	E
lag-latn-tz	46	44	-	E
lag-tz	46	44	-	E
lb	44	46	-	E
lb-latn-lu	44	46	-	E
lb-lu	44	46	-	E
lg	46	44	-	E
lg-latn-ug	46	44	-	E
lg-ug	46	44	-	E
lkt	46	44	-	E
lkt-latn-us	46	44	-	E
lkt-us	46	44	-	E
ln	44	46	-	E
ln-ao	44	46	-	E
ln-cd	44	46	-	E
ln-cf	44	46	-	E
ln-cg	44	46	-	E
ln-latn-cd	44	46	-	E
lo	44	46	-	E
lo-la	44	46	-	E
lo-laoo-la	44	46	-	E
lrc	1643	1644	‎-‎	×۱۰^
lrc-arab-ir	1643	1644	‎-‎	×۱۰^
lrc-iq	1643	1644	‎-‎	×۱۰^
lrc-ir	1643	1644	‎-‎	×۱۰^
lt	44	160	−	×10^
lt-latn-lt	44	160	−	×10^
lt-lt	44	160	−	×10^
lu	44	46	-	E
lu-cd	44	46	-	E
lu-latn-cd	44	46	-	E
luo	46	44	-	E
luo-ke	46	44	-	E
luo-latn-ke	46	44	-	E
luy	46	44	-	E
luy-ke	46	44	-	E
luy-latn-ke	46	44	-	E
lv	44	160	-	E
lv-latn-lv	44	160	-	E
lv-lv	44	160	-	E
mai	46	44	-	E
mai-deva-in	46	44	-	E
mai-in	46	44	-	E
mas	46	44	-	E
mas-ke	46	44	-	E
mas-latn-ke	46	44	-	E
mas-tz	46	44	-	E
mer	46	44	-	E
mer-ke	46	44	-	E
mer-latn-ke	46	44	-	E
mfe	46	160	-	E
mfe-latn-mu	46	160	-	E
mfe-mu	46	160	-	E
mg	46	44	-	E
mg-latn-mg	46	44	-	E
mg-mg	46	44	-	E
mgh	44	46	-	E
mgh-latn-mz	44	46	-	E
mgh-mz	44	46	-	E
mgo	46	44	-	E
mgo-cm	46	44	-	E
mgo-latn-cm	46	44	-	E
mi	46	44	-	E
mi-latn-nz	46	44	-	E
mi-nz	46	44	-	E
mk	44	46	-	E
mk-cyrl-mk	44	46	-	E
mk-mk	44	46	-	E
ml	46	44	-	E
ml-in	46	44	-	E
ml-mlym-in	46	44	-	E
mn	46	44	-	E
mn-cyrl-mn	46	44	-	E
mn-mn	46	44	-	E
mni	46	44	-	E
mni-beng	46	44	-	E
mni-beng-in	46	44	-	E
mni-in	46	44	-	E
mr	46	44	-	E
mr-deva-in	46	44	-	E
mr-in	46	44	-	E
ms	46	44	-	E
ms-bn	44	46	-	E
ms-id	44	46	-	E
ms-latn-my	46	44	-	E
ms-my	46	44	-	E
ms-sg	46	44	-	E
mt	46	44	-	E
mt-latn-mt	46	44	-	E
mt-mt	46	44	-	E
mua	44	46	-	E
mua-cm	44	46	-	E
mua-latn-cm	44	46	-	E
my	46	44	-	E
my-mm	46	44	-	E
my-mymr-mm	46	44	-	E
mzn	1643	1644	‎-‎	×۱۰^
mzn-arab-ir	1643	1644	‎-‎	×۱۰^
mzn-ir	1643	1644	‎-‎	×۱۰^
naq	46	44	-	E
naq-latn-na	46	44	-	E
naq-na	46	44	-	E
nb	44	160	−	E
nb-latn-no	44	160	−	E
nb-no	44	160	−	E
nb-sj	44	160	−	E
nd	46	44	-	E
nd-latn-zw	46	44	-	E
nd-zw	46	44	-	E
nds	46	44	-	E
nds-de	46	44	-	E
nds-latn-de	46	44	-	E
nds-nl	46	44	-	E
ne	46	44	-	E
ne-deva-np	46	44	-	E
ne-in	46	44	-	E
ne-np	46	44	-	E
nl	44	46	-	E
nl-aw	44	46	-	E
nl-be	44	46	-	E
nl-bq	44	46	-	E
nl-cw	44	46	-	E
nl-latn-nl	44	46	-	E
nl-nl	44	46	-	E
nl-sr	44	46	-	E
nl-sx	44	46	-	E
nmg	44	160	-	E
nmg-cm	44	160	-	E
nmg-latn-cm	44	160	-	E
nn	44	160	−	E
nn-latn-no	44	160	−	E
nn-no	44	160	−	E
nnh	44	46	-	E
nnh-cm	44	46	-	E
nnh-latn-cm	44	46	-	E
no	44	160	−	E
no-latn-no	44	160	−	E
no-no	44	160	−	E
nus	46	44	-	E
nus-latn-ss	46	44	-	E
nus-ss	46	44	-	E
nyn	46	44	-	E
nyn-latn-ug	46	44	-	E
nyn-ug	46	44	-	E
om	46	44	-	E
om-et	46	44	-	E
om-ke	46	44	-	E
om-latn-et	46	44	-	E
or	46	44	-	E
or-in	46	44	-	E
or-orya-in	46	44	-	E
os	44	160	-	E
os-cyrl-ge	44	160	-	E
os-ge	44	160	-	E
os-ru	44	160	-	E
pa	46	44	-	E
pa-arab	1643	1644	‎-‎	×۱۰^
pa-arab-pk	1643	1644	‎-‎	×۱۰^
pa-guru	46	44	-	E
pa-guru-in	46	44	-	E
pa-in	46	44	-	E
pa-pk	46	44	-	E
pcm	46	44	-	E
pcm-latn-ng	46	44	-	E
pcm-ng	46	44	-	E
pl	44	160	-	E
pl-latn-pl	44	160	-	E
pl-pl	44	160	-	E
ps	1643	1644	‎-‎	×۱۰^
ps-af	1643	1644	‎-‎	×۱۰^
ps-arab-af	1643	1644	‎-‎	×۱۰^
ps-pk	1643	1644	‎-‎	×۱۰^
pt	44	46	-	E
pt-ao	44	160	-	E
pt-br	44	46	-	E
pt-ch	44	160	-	E
pt-cv	44	160	-	E
pt-gq	44	160	-	E
pt-gw	44	160	-	E
pt-latn-br	44	46	-	E
pt-lu	44	160	-	E
pt-mo	44	160	-	E
pt-mz	44	160	-	E
pt-pt	44	160	-	E
pt-st	44	160	-	E
pt-tl	44	160	-	E
qu	46	44	-	E
qu-bo	44	46	-	E
qu-ec	46	44	-	E
qu-latn-pe	46	44	-	E
qu-pe	46	44	-	E
rm	46	8217	−	E
rm-ch	46	8217	−	E
rm-latn-ch	46	8217	−	E
rn	44	46	-	E
rn-bi	44	46	-	E
rn-latn-bi	44	46	-	E
ro	44	46	-	E
ro-latn-ro	44	46	-	E
ro-md	44	46	-	E
ro-ro	44	46	-	E
rof	46	44	-	E
rof-latn-tz	46	44	-	E
rof-tz	46	44	-	E
ru	44	160	-	E
ru-by	44	160	-	E
ru-cyrl-ru	44	160	-	E
ru-kg	44	160	-	E
ru-kz	44	160	-	E
ru-md	44	160	-	E
ru-ru	44	160	-	E
ru-ua	44	160	-	E
rw	44	46	-	E
rw-latn-rw	44	46	-	E
rw-rw	44	46	-	E
rwk	46	44	-	E
rwk-latn-tz	46	44	-	E
rwk-tz	46	44	-	E
sa	46	44	-	E
sa-deva-in	46	44	-	E
sa-in	46	44	-	E
sah	44	160	-	E
sah-cyrl-ru	44	160	-	E
sah-ru	44	160	-	E
saq	46	44	-	E
saq-ke	46	44	-	E
saq-latn-ke	46	44	-	E
sat	46	44	-	E
sat-in	46	44	-	E
sat-olck	46	44	-	E
sat-olck-in	46	44	-	E
sbp	46	44	-	E
sbp-latn-tz	46	44	-	E
sbp-tz	46	44	-	E
sd	1643	1644	؜-	اس
sd-arab	1643	1644	؜-	اس
sd-arab-pk	1643	1644	؜-	اس
sd-deva	46	44	-	E
sd-deva-in	46	44	-	E
sd-in	1643	1644	؜-	اس
sd-pk	1643	1644	؜-	اس
se	44	160	−	·10^
se-fi	44	160	−	·10^
se-latn-no	44	160	−	·10^
se-no	44	160	−	·10^
se-se	44	160	−	·10^
seh	44	46	-	E
seh-latn-mz	44	46	-	E
seh-mz	44	46	-	E
ses	46	160	-	E
ses-latn-ml	46	160	-	E
ses-ml	46	160	-	E
sg	44	46	-	E
sg-cf	44	46	-	E
sg-latn-cf	44	46	-	E
shi	44	160	-	E
shi-latn	44	160	-	E
shi-latn-ma	44	160	-	E
shi-ma	44	160	-	E
shi-tfng	44	160	-	E
shi-tfng-ma	44	160	-	E
si	46	44	-	E
si-lk	46	44	-	E
si-sinh-lk	46	44	-	E
sk	44	160	-	e
sk-latn-sk	44	160	-	e
sk-sk	44	160	-	e
sl	44	46	−	e
sl-latn-si	44	46	−	e
sl-si	44	46	−	e
smn	44	160	-	E
smn-fi	44	160	-	E
smn-latn-fi	44	160	-	E
sn	46	44	-	E
sn-latn-zw	46	44	-	E
sn-zw	46	44	-	E
so	46	44	-	E
so-dj	46	44	-	E
so-et	46	44	-	E
so-ke	46	44	-	E
so-latn-so	46	44	-	E
so-so	46	44	-	E
sq	44	160	-	E
sq-al	44	160	-	E
sq-latn-al	44	160	-	E
sq-mk	44	160	-	E
sq-xk	44	160	-	E
sr	44	46	-	E
sr-ba	44	46	-	E
sr-cs	44	46	-	E
sr-cyrl	44	46	-	E
sr-cyrl-ba	44	46	-	E
sr-cyrl-me	44	46	-	E
sr-cyrl-rs	44	46	-	E
sr-cyrl-xk	44	46	-	E
sr-latn	44	46	-	E
sr-latn-ba	44	46	-	E
sr-latn-me	44	46	-	E
sr-latn-rs	44	46	-	E
sr-latn-xk	44	46	-	E
sr-me	44	46	-	E
sr-rs	44	46	-	E
su	44	46	-	E
su-id	44	46	-	E
su-latn	44	46	-	E
su-latn-id	44	46	-	E
sv	44	160	−	×10^
sv-ax	44	160	−	×10^
sv-fi	44	160	−	×10^
sv-latn-se	44	160	−	×10^
sv-se	44	160	−	×10^
sw	46	44	-	E
sw-cd	44	46	-	E
sw-ke	46	44	-	E
sw-latn-tz	46	44	-	E
sw-tz	46	44	-	E
sw-ug	46	44	-	E
ta	46	44	-	E
ta-in	46	44	-	E
ta-lk	46	44	-	E
ta-my	46	44	-	E
ta-sg	46	44	-	E
ta-taml-in	46	44	-	E
te	46	44	-	E
te-in	46	44	-	E
te-telu-in	46	44	-	E
teo	46	44	-	E
teo-ke	46	44	-	E
teo-latn-ug	46	44	-	E
teo-ug	46	44	-	E
tg	44	160	-	E
tg-cyrl-tj	44	160	-	E
tg-tj	44	160	-	E
th	46	44	-	E
th-th	46	44	-	E
th-th-u-nu-thai-x-lvariant-th	46	44	-	E
th-thai-th	46	44	-	E
ti	46	44	-	E
ti-er	46	44	-	E
ti-et	46	44	-	E
ti-ethi-et	46	44	-	E
tk	44	160	-	E
tk-latn-tm	44	160	-	E
tk-tm	44	160	-	E
to	46	44	-	E
to-latn-to	46	44	-	E
to-to	46	44	-	E
tr	44	46	-	E
tr-cy	44	46	-	E
tr-latn-tr	44	46	-	E
tr-tr	44	46	-	E
tt	44	160	-	E
tt-cyrl-ru	44	160	-	E
tt-ru	44	160	-	E
twq	46	160	-	E
twq-latn-ne	46	160	-	E
twq-ne	46	160	-	E
tzm	44	160	-	E
tzm-latn-ma	44	160	-	E
tzm-ma	44	160	-	E
ug	46	44	-	E
ug-arab-cn	46	44	-	E
ug-cn	46	44	-	E
uk	44	160	-	Е
uk-cyrl-ua	44	160	-	Е
uk-ua	44	160	-	Е
und	46	44	-	E
ur	46	44	‎-	E
ur-arab-pk	46	44	‎-	E
ur-in	1643	1644	‎-‎	×۱۰^
ur-pk	46	44	‎-	E
uz	44	160	-	E
uz-af	44	160	-	E
uz-arab	1643	1644	‎-‎	×۱۰^
uz-arab-af	1643	1644	‎-‎	×۱۰^
uz-cyrl	44	160	-	E
uz-cyrl-uz	44	160	-	E
uz-latn	44	160	-	E
uz-latn-uz	44	160	-	E
uz-uz	44	160	-	E
vai	46	44	-	E
vai-latn	46	44	-	E
vai-latn-lr	46	44	-	E
vai-lr	46	44	-	E
vai-vaii	46	44	-	E
vai-vaii-lr	46	44	-	E
vi	44	46	-	E
vi-latn-vn	44	46	-	E
vi-vn	44	46	-	E
vun	46	44	-	E
vun-latn-tz	46	44	-	E
vun-tz	46	44	-	E
wae	44	8217	-	E
wae-ch	44	8217	-	E
wae-latn-ch	44	8217	-	E
wo	44	46	-	E
wo-latn-sn	44	46	-	E
wo-sn	44	46	-	E
xh	46	160	-	E
xh-latn-za	46	160	-	E
xh-za	46	160	-	E
xog	46	44	-	E
xog-latn-ug	46	44	-	E
xog-ug	46	44	-	E
yav	44	160	-	E
yav-cm	44	160	-	E
yav-latn-cm	44	160	-	E
yi	46	44	-	E
yi-001	46	44	-	E
yi-hebr-001	46	44	-	E
yo	46	44	-	E
yo-bj	46	44	-	E
yo-latn-ng	46	44	-	E
yo-ng	46	44	-	E
yue	46	44	-	E
yue-cn	46	44	-	E
yue-hans	46	44	-	E
yue-hans-cn	46	44	-	E
yue-hant	46	44	-	E
yue-hant-hk	46	44	-	E
yue-hk	46	44	-	E
zgh	44	160	-	E
zgh-ma	44	160	-	E
zgh-tfng-ma	44	160	-	E
zh	46	44	-	E
zh-cn	46	44	-	E
zh-hans	46	44	-	E
zh-hans-cn	46	44	-	E
zh-hans-hk	46	44	-	E
zh-hans-mo	46	44	-	E
zh-hans-sg	46	44	-	E
zh-hant	46	44	-	E
zh-hant-hk	46	44	-	E
zh-hant-mo	46	44	-	E
zh-hant-tw	46	44	-	E
zh-hk	46	44	-	E
zh-mo	46	44	-	E
zh-sg	46	44	-	E
zh-tw	46	44	-	E
zu	46	44	-	E
zu-latn-za	46	44	-	E
zu-za	46	44	-	E
