kind,observations,threads,repetition,algorithm,workload,seconds
NATIVE,100000000,8,0,7,0,0.123229000
NATIVE,100000000,8,1,7,0,0.067406000
NATIVE,100000000,8,2,7,0,0.067080000
NATIVE,100000000,8,0,7,1,1.028663000
NATIVE,100000000,8,1,7,1,1.058534000
NATIVE,100000000,8,2,7,1,1.050315000
NATIVE,100000000,8,0,7,2,1.604450000
NATIVE,100000000,8,1,7,2,1.660220000
NATIVE,100000000,8,2,7,2,1.655121000
NATIVE,100000000,8,0,7,3,0.186127000
NATIVE,100000000,8,1,7,3,0.127249000
NATIVE,100000000,8,2,7,3,0.123654000
