experiment,observations,variables,repetition,workload,threads,seconds
ado_only,10000000,20,1,merge_id,8,2.867
ado_only,10000000,20,2,merge_id,8,2.63
ado_only,10000000,20,3,merge_id,8,2.715
auto_stream,20000000,40,1,sort_group,8,3.923
auto_stream,20000000,40,2,sort_group,8,4.527
auto_stream,20000000,40,3,sort_group,8,5.323
no_stream,20000000,40,1,sort_group,8,7.032
no_stream,20000000,40,2,sort_group,8,6.015
no_stream,20000000,40,3,sort_group,8,5.852
threads,10000000,20,1,sort,4,1.341
threads,10000000,20,1,merge,4,2.03
threads,10000000,20,2,sort,4,1.528
threads,10000000,20,2,merge,4,1.884
threads,10000000,20,3,sort,4,1.519
threads,10000000,20,3,merge,4,1.881
threads,10000000,20,1,sort,8,1.018
threads,10000000,20,1,merge,8,1.331
threads,10000000,20,2,sort,8,1.056
threads,10000000,20,2,merge,8,1.339
threads,10000000,20,3,sort,8,1.068
threads,10000000,20,3,merge,8,1.344
threads,10000000,20,1,sort,12,.991
threads,10000000,20,1,merge,12,1.313
threads,10000000,20,2,sort,12,1.007
threads,10000000,20,2,merge,12,1.347
threads,10000000,20,3,sort,12,1.06
threads,10000000,20,3,merge,12,1.448
