variant,observations,variables,repetition,workload,threads,elapsed_seconds,phase_load,phase_sort,phase_join,phase_permute,phase_store,phase_stream,phase_meta,phase_total
baseline,10000000,20,1,sort_id,8,1.334,0.31220658,0.13431287,,0.24367508,0.54084658,0.0,,1.2310539
baseline,10000000,20,1,sort_group,8,0.913,0.23535617,0.008718,,0.19360129,0.38677479,0.0,,0.82445692
baseline,10000000,20,1,sort_string,8,1.934,0.23866937,0.81250138,,0.20860146,0.48373758,0.0,,1.7435175
baseline,10000000,20,1,sort_float,8,1.147,0.23483804,0.15339717,,0.21134467,0.46254217,0.0,,1.0621281
baseline,10000000,20,1,merge_group,8,1.808,0.34678575,0.09902037,0.00985321,0.60017571,0.26203271,,0.11229713,1.4390237
baseline,10000000,20,1,merge_id,8,18.963,0.3728745,0.137568,0.10424442,0.60298988,0.26979421,,0.56142842,2.0734361
baseline,10000000,20,2,sort_id,8,1.34,0.37465025,0.09269542,,0.21204008,0.53117492,0.0,,1.2119875
baseline,10000000,20,2,sort_group,8,1.259,0.34765725,0.00965158,,0.22435583,0.54665133,0.0,,1.1306225
baseline,10000000,20,2,sort_string,8,2.095,0.37712729,0.82902792,,0.20746871,0.48872712,0.0,,1.9023578
baseline,10000000,20,2,sort_float,8,1.532,0.39448167,0.18211542,,0.22157042,0.60356196,0.0,,1.4017374
baseline,10000000,20,2,merge_group,8,1.74,0.357024,0.09921925,0.01092925,0.59174508,0.250117,,0.11237158,1.4349487
baseline,10000000,20,2,merge_id,8,19.231,0.36185758,0.13624546,0.10733413,0.61248554,0.25516142,,0.57734013,2.0721062
baseline,10000000,20,3,sort_id,8,1.284,0.34418583,0.09266321,,0.19313842,0.50809504,0.0,,1.1436099
baseline,10000000,20,3,sort_group,8,1.213,0.33254871,0.00835613,,0.19919512,0.47234363,0.0,,1.0136538
baseline,10000000,20,3,sort_string,8,2.2,0.41609975,0.83913417,,0.21205679,0.52539792,0.0,,2.0082747
baseline,10000000,20,3,sort_float,8,1.246,0.31322933,0.15304883,,0.19750317,0.45494875,0.0,,1.1192685
baseline,10000000,20,3,merge_group,8,1.622,0.34031008,0.09899892,0.00984325,0.56009279,0.19038279,,0.11146896,1.326132
baseline,10000000,20,3,merge_id,8,18.938,0.39241133,0.15210967,0.10676825,0.57869429,0.24789975,,0.37492821,1.8714563
baseline,10000000,40,1,sort_id,8,2.858,1.2506133,0.08245363,,0.37481958,0.89068354,0.0,,2.6096971
baseline,10000000,40,1,sort_string,8,3.614,1.0950722,0.7744625,,0.37324617,0.985454,0.0,,3.2366396
baseline,10000000,40,1,merge_group,8,3.985,0.9893065,0.09559383,0.00982125,1.1970887,0.83468504,,0.16784679,3.3620131
baseline,10000000,40,1,merge_id,8,21.795,1.1151574,0.1501975,0.10883117,1.250334,1.1452375,,0.40245454,4.2654347
baseline,10000000,40,2,sort_id,8,2.535,0.93930892,0.07719271,,0.374175,0.92987471,0.0,,2.3302229
baseline,10000000,40,2,sort_string,8,3.29,0.93601233,0.78255504,,0.38302967,0.87645058,0.0,,2.9895619
baseline,10000000,40,2,merge_group,8,3.752,1.0057216,0.09553104,0.00983562,1.3075464,0.57559137,,0.16718363,3.2491694
baseline,10000000,40,2,merge_id,8,21.043,0.95021167,0.14328671,0.10872833,1.102663,0.65382379,,0.58947621,3.6345789
baseline,10000000,40,3,sort_id,8,2.532,0.9522105,0.07734725,,0.37579179,0.91387729,0.0,,2.3276566
baseline,10000000,40,3,sort_string,8,3.295,0.93569962,0.780653,,0.37387275,0.89433188,0.0,,2.9953041
baseline,10000000,40,3,merge_group,8,3.474,0.94840021,0.09622517,0.01031896,1.0892668,0.58709371,,0.15643429,2.9579582
baseline,10000000,40,3,merge_id,8,20.5,1.0616646,0.13727758,0.10858458,1.1283422,0.60032408,,0.39809863,3.5165645
baseline,1000000,20,1,sort_id,8,0.121,0.02859846,0.02439233,,0.01450887,0.04344375,0.0,,0.11094954
baseline,1000000,20,1,sort_group,8,0.082,0.02303458,0.00102238,,0.011327,0.03733775,0.0,,0.07272813
baseline,1000000,20,1,sort_string,8,0.123,0.02308683,0.03241125,,0.01133058,0.03664192,0.0,,0.10347746
baseline,1000000,20,1,sort_float,8,0.084,0.02420204,0.00444008,,0.01163533,0.03488225,0.0,,0.07516592
baseline,1000000,20,1,merge_group,8,0.159,0.03490142,0.00661138,0.00119304,0.04475504,0.0186135,,0.01175333,0.11870321
baseline,1000000,20,1,merge_id,8,1.391,0.03554304,0.00589567,0.0111255,0.05063892,0.02035529,,0.02376033,0.14980596
baseline,1000000,20,2,sort_id,8,0.124,0.037934,0.01517983,,0.01209046,0.04160058,0.0,,0.10693262
baseline,1000000,20,2,sort_group,8,0.102,0.03602758,0.00111713,,0.01111471,0.03733146,0.0,,0.08572483
baseline,1000000,20,2,sort_string,8,0.138,0.03645192,0.03202929,,0.01110083,0.03832717,0.0,,0.11791583
baseline,1000000,20,2,sort_float,8,0.11,0.03679358,0.00564938,,0.0113715,0.03984429,0.0,,0.09366504
baseline,1000000,20,2,merge_group,8,0.15,0.03968179,0.00619,0.00132092,0.04666833,0.01891708,,0.01215329,0.12611525
baseline,1000000,20,2,merge_id,8,1.385,0.03488525,0.00603967,0.01105925,0.05127067,0.02046496,,0.02216704,0.14778708
baseline,1000000,20,3,sort_id,8,0.127,0.03377112,0.01421708,,0.01098296,0.03924338,0.0,,0.09835733
baseline,1000000,20,3,sort_group,8,0.114,0.04072788,0.00119587,,0.01187762,0.04272029,0.0,,0.09663517
baseline,1000000,20,3,sort_string,8,0.153,0.04067912,0.03492342,,0.01298633,0.04377146,0.0,,0.13236612
baseline,1000000,20,3,sort_float,8,0.11,0.03451525,0.00523633,,0.01164229,0.04119904,0.0,,0.09259958
baseline,1000000,20,3,merge_group,8,0.148,0.03602988,0.0065515,0.00137671,0.04936317,0.01876092,,0.01180833,0.12509771
baseline,1000000,20,3,merge_id,8,1.378,0.03667358,0.00592054,0.01119363,0.046528,0.02044992,,0.02747412,0.1501525
baseline,20000000,10,1,sort_group,8,1.526,0.33022275,0.02133037,,0.25300813,0.75222675,0.0,,1.3567967
baseline,20000000,10,1,sort_string,8,3.251,0.30771688,1.7239724,,0.24155117,0.61608363,0.0,,2.889331
baseline,20000000,10,1,merge_group,8,2.895,0.32087362,0.52319867,0.02184212,0.97499142,0.24190854,,0.20534179,2.3203071
baseline,20000000,10,1,merge_id,8,37.746,0.32934137,0.25259925,0.20652696,1.0156246,0.31484717,,1.1801471,3.3368901
baseline,20000000,10,2,sort_group,8,1.478,0.33338567,0.01934821,,0.238777,0.71181992,0.0,,1.3056873
baseline,20000000,10,2,sort_string,8,3.411,0.31719492,1.7195353,,0.24578608,0.75283896,0.0,,3.0353615
baseline,20000000,10,2,merge_group,8,2.863,0.31693767,0.48731429,0.02794217,0.97642892,0.22922271,,0.20556333,2.278145
baseline,20000000,10,2,merge_id,8,37.934,0.34325262,0.2632345,0.21739963,0.99751971,0.26490283,,1.153749,3.2714659
baseline,20000000,10,3,sort_group,8,1.466,0.31448717,0.02093,,0.23912783,0.71880783,0.0,,1.2933598
baseline,20000000,10,3,sort_string,8,3.329,0.31575429,1.7060033,,0.23546142,0.70090138,0.0,,2.9581259
baseline,20000000,10,3,merge_group,8,2.607,0.31170662,0.47705333,0.01792871,0.96929208,0.22503513,,0.20797229,2.2262166
baseline,20000000,10,3,merge_id,8,37.408,0.32131833,0.24951008,0.20590004,0.97934246,0.24919383,,1.1949892,3.224253
corrected,10000000,20,1,merge_group,8,1.871,0.43624046,0.11009779,0.01011225,0.28322537,0.46693275,,0.11579629,1.4343968
corrected,10000000,20,1,merge_id,8,2.491,0.37102463,0.138084,0.11082033,0.27295604,0.43745621,,0.38141475,1.7379087
corrected,10000000,20,2,merge_group,8,1.597,0.47034346,0.1023305,0.00509362,0.25898912,0.35534787,,0.11357125,1.3203246
corrected,10000000,20,2,merge_id,8,2.331,0.36496579,0.140693,0.10951421,0.24096896,0.34257508,,0.38142554,1.5933673
corrected,10000000,20,3,merge_group,8,1.485,0.36871008,0.09712854,0.005017,0.24787292,0.36728996,,0.11189892,1.2123764
corrected,10000000,20,3,merge_id,8,2.478,0.33876117,0.13841004,0.10903729,0.23627987,0.36714838,,0.55404829,1.7573972
final,10000000,20,1,sort_id,8,1.261,0.28565713,0.12466617,,0.0,0.6939215,0.0,,1.1042685
final,10000000,20,1,sort_group,8,0.896,0.231776,0.00720538,,0.0,0.56758867,0.0,,0.80658062
final,10000000,20,1,sort_string,8,1.849,0.24597008,0.820874,,0.0,0.59758425,0.0,,1.6644362
final,10000000,20,1,sort_float,8,1.054,0.23259458,0.15973588,,0.0,0.57959633,0.0,,0.97193908
final,10000000,20,1,merge_group,8,1.634,0.40182621,0.11022667,0.01076958,0.24525117,0.37671558,,0.11376042,1.2671352
final,10000000,20,1,merge_id,8,2.423,0.3757415,0.14218442,0.10984387,0.26327863,0.3939515,,0.37417396,1.6833605
final,10000000,20,2,sort_id,8,1.267,0.36136871,0.10006429,,0.0,0.67062979,0.0,,1.1320703
final,10000000,20,2,sort_group,8,1.243,0.358,0.01229671,,0.0,0.74138442,0.0,,1.1116892
final,10000000,20,2,sort_string,8,2.052,0.35927912,0.82312729,,0.0,0.67894871,0.0,,1.8613618
final,10000000,20,2,sort_float,8,1.333,0.37787608,0.176381,,0.0,0.65060529,0.0,,1.2048696
final,10000000,20,2,merge_group,8,1.521,0.3704625,0.10529025,0.01020083,0.24413375,0.37925563,,0.11455858,1.233783
final,10000000,20,2,merge_id,8,2.469,0.37215867,0.1354185,0.10915621,0.23379692,0.321552,,0.57017433,1.754624
final,10000000,20,3,sort_id,8,1.223,0.33802158,0.09570746,,0.0,0.65930229,0.0,,1.0931414
final,10000000,20,3,sort_group,8,1.197,0.37134546,0.01126946,,0.0,0.67915521,0.0,,1.0634328
final,10000000,20,3,sort_string,8,1.933,0.33487679,0.82575142,,0.0,0.58104117,0.0,,1.7416769
final,10000000,20,3,sort_float,8,1.212,0.33275571,0.14233471,,0.0,0.59325258,0.0,,1.0683505
final,10000000,20,3,merge_group,8,1.405,0.36009867,0.10637108,0.0050095,0.21880075,0.30471329,,0.10984179,1.1221663
final,10000000,20,3,merge_id,8,2.49,0.35608604,0.13407104,0.10726462,0.23152967,0.38985054,,0.55930471,1.7900903
final,10000000,40,1,sort_id,8,3.072,1.4079976,0.11445,,0.0,1.2986224,0.0,,2.8210837
final,10000000,40,1,sort_string,8,3.664,1.2929288,0.77615167,,0.0,1.2181487,0.0,,3.2872401
final,10000000,40,1,merge_group,8,2.938,0.95443521,0.10185313,0.00924108,0.41035275,0.73982933,,0.16697042,2.4227676
final,10000000,40,1,merge_id,8,3.95,0.97884304,0.14361533,0.10724137,0.43234567,0.68803367,,0.40142813,2.8117575
final,10000000,40,2,sort_id,8,2.632,1.0193777,0.09903475,,0.0,1.3066092,0.0,,2.4256998
final,10000000,40,2,sort_string,8,3.434,1.0498385,0.8303345,,0.0,1.2518064,0.0,,3.1319908
final,10000000,40,2,merge_group,8,3.011,1.046786,0.09551746,0.00505308,0.42731238,0.73958833,,0.15875304,2.5146771
final,10000000,40,2,merge_id,8,4.213,1.0185789,0.13661104,0.10806063,0.59482692,0.75946483,,0.45873692,3.1478569
final,10000000,40,3,sort_id,8,2.416,0.9544475,0.08069375,,0.0,1.1301502,0.0,,2.1653038
final,10000000,40,3,sort_string,8,3.448,1.1490256,0.77942692,,0.0,1.1433257,0.0,,3.0717964
final,10000000,40,3,merge_group,8,2.942,1.0216395,0.10096521,0.01005983,0.40413679,0.69993446,,0.16706396,2.4360247
final,10000000,40,3,merge_id,8,4.064,1.0374396,0.14345083,0.10728233,0.42576733,0.717958,,0.39545071,2.8886859
final,1000000,20,1,sort_id,8,0.113,0.02948258,0.02243717,,0.0,0.05068608,0.0,,0.10261229
final,1000000,20,1,sort_group,8,0.083,0.02352133,0.00122562,,0.0,0.04758321,0.0,,0.07233658
final,1000000,20,1,sort_string,8,0.124,0.02216483,0.03488604,,0.0,0.04775358,0.0,,0.10481038
final,1000000,20,1,sort_float,8,0.085,0.02336692,0.00537113,,0.0,0.0461575,0.0,,0.07490154
final,1000000,20,1,merge_group,8,0.132,0.03687467,0.00753754,0.00208213,0.015882,0.02565108,,0.01178008,0.10068512
final,1000000,20,1,merge_id,8,0.183,0.03602204,0.00711446,0.01125942,0.01751871,0.027661,,0.02869233,0.13036042
final,1000000,20,2,sort_id,8,0.121,0.03616087,0.01512088,,0.0,0.05255483,0.0,,0.10397342
final,1000000,20,2,sort_group,8,0.104,0.03533413,0.00127758,,0.0,0.049178,0.0,,0.08592629
final,1000000,20,2,sort_string,8,0.136,0.03455575,0.03133692,,0.0,0.05049129,0.0,,0.11638988
final,1000000,20,2,sort_float,8,0.109,0.0374965,0.00532421,,0.0,0.05028662,0.0,,0.09311404
final,1000000,20,2,merge_group,8,0.117,0.0360525,0.00644596,0.00128046,0.01661667,0.02652312,,0.01249775,0.100334
final,1000000,20,2,merge_id,8,0.172,0.03637892,0.00615337,0.01064154,0.01629975,0.02620042,,0.02486837,0.12170692
final,1000000,20,3,sort_id,8,0.117,0.03610483,0.01463879,,0.0,0.04943083,0.0,,0.10030975
final,1000000,20,3,sort_group,8,0.103,0.03535517,0.00113512,,0.0,0.04844217,0.0,,0.08505833
final,1000000,20,3,sort_string,8,0.155,0.0374885,0.04641621,,0.0,0.050263,0.0,,0.13417492
final,1000000,20,3,sort_float,8,0.11,0.03575483,0.00541421,,0.0,0.05174233,0.0,,0.09291929
final,1000000,20,3,merge_group,8,0.117,0.03671933,0.00623358,0.00123913,0.01747258,0.02606937,,0.01184867,0.10050308
final,1000000,20,3,merge_id,8,0.173,0.03771413,0.00612933,0.01051667,0.01705825,0.02756171,,0.02359867,0.12367025
final,20000000,10,1,sort_group,8,1.388,0.35554237,0.02771437,,0.0,0.83360804,0.0,,1.2168696
final,20000000,10,1,sort_string,8,3.152,0.31567817,1.7271253,,0.0,0.74088913,0.0,,2.783698
final,20000000,10,1,merge_group,8,2.359,0.3103475,0.53682242,0.01837996,0.30292471,0.39663587,,0.21163633,1.798339
final,20000000,10,1,merge_id,8,3.595,0.33209742,0.24938804,0.21738629,0.41229183,0.47005458,,0.725425,2.433687
final,20000000,10,2,sort_group,8,1.289,0.31865542,0.01622008,,0.0,0.78146504,0.0,,1.1176975
final,20000000,10,2,sort_string,8,3.142,0.333229,1.6834339,,0.0,0.75628842,0.0,,2.7729582
final,20000000,10,2,merge_group,8,2.028,0.30603013,0.47342679,0.00816892,0.27227538,0.37131033,,0.20755471,1.6564072
final,20000000,10,2,merge_id,8,4.168,0.3472345,0.31350567,0.22339833,0.29957083,0.46583804,,1.1830972,2.8602482
final,20000000,10,3,sort_group,8,1.257,0.31099758,0.02035346,,0.0,0.75521675,0.0,,1.0871243
final,20000000,10,3,sort_string,8,3.275,0.31028154,1.7054174,,0.0,0.7415705,0.0,,2.757275
final,20000000,10,3,merge_group,8,2.33,0.34372625,0.49715671,0.01802483,0.29627396,0.39184062,,0.20515692,1.7885366
final,20000000,10,3,merge_id,8,3.527,0.32674583,0.24572925,0.2151815,0.38304175,0.48552654,,0.72866083,2.4103885
