run,case,threads,rep,seconds,output_rows
b1,sp_short,1,1,0.25995,1000000
b1,sp_short,1,2,0.309471,1000000
b1,sp_short,1,3,0.253272,1000000
b1,sp_short,1,4,0.224536,1000000
b1,sp_short,1,5,0.231773,1000000
b1,sp_short,1,6,0.236207,1000000
b1,sp_short,4,1,0.11761,1000000
b1,sp_short,4,2,0.118823,1000000
b1,sp_short,4,3,0.140575,1000000
b1,sp_short,4,4,0.122082,1000000
b1,sp_short,4,5,0.143511,1000000
b1,sp_short,4,6,0.120484,1000000
b1,sp_short,12,1,0.108601,1000000
b1,sp_short,12,2,0.117879,1000000
b1,sp_short,12,3,0.111683,1000000
b1,sp_short,12,4,0.120501,1000000
b1,sp_short,12,5,0.107245,1000000
b1,sp_short,12,6,0.106103,1000000
b1,sp_long,1,1,0.500328,200000
b1,sp_long,1,2,0.487785,200000
b1,sp_long,1,3,0.521423,200000
b1,sp_long,1,4,0.510597,200000
b1,sp_long,1,5,0.512816,200000
b1,sp_long,1,6,0.541268,200000
b1,sp_long,4,1,0.311018,200000
b1,sp_long,4,2,0.266325,200000
b1,sp_long,4,3,0.278697,200000
b1,sp_long,4,4,0.392513,200000
b1,sp_long,4,5,0.850525,200000
b1,sp_long,4,6,0.343511,200000
b1,sp_long,12,1,0.233501,200000
b1,sp_long,12,2,0.206308,200000
b1,sp_long,12,3,0.199157,200000
b1,sp_long,12,4,0.227474,200000
b1,sp_long,12,5,0.193082,200000
b1,sp_long,12,6,0.162299,200000
b1,sp_multi,1,1,1.145226,1000000
b1,sp_multi,1,2,1.198703,1000000
b1,sp_multi,1,3,1.138385,1000000
b1,sp_multi,1,4,1.168038,1000000
b1,sp_multi,1,5,1.332591,1000000
b1,sp_multi,1,6,1.316126,1000000
b1,sp_multi,4,1,0.489716,1000000
b1,sp_multi,4,2,0.482407,1000000
b1,sp_multi,4,3,0.490291,1000000
b1,sp_multi,4,4,0.470379,1000000
b1,sp_multi,4,5,0.467435,1000000
b1,sp_multi,4,6,0.46194,1000000
b1,sp_multi,12,1,0.368658,1000000
b1,sp_multi,12,2,0.362732,1000000
b1,sp_multi,12,3,0.357459,1000000
b1,sp_multi,12,4,0.437577,1000000
b1,sp_multi,12,5,0.384135,1000000
b1,sp_multi,12,6,0.416616,1000000
c1,sp_short,1,1,0.208885,1000000
c1,sp_short,1,2,0.240235,1000000
c1,sp_short,1,3,0.2303,1000000
c1,sp_short,1,4,0.18767,1000000
c1,sp_short,1,5,0.176796,1000000
c1,sp_short,1,6,0.177838,1000000
c1,sp_short,4,1,0.105369,1000000
c1,sp_short,4,2,0.114946,1000000
c1,sp_short,4,3,0.110092,1000000
c1,sp_short,4,4,0.12167,1000000
c1,sp_short,4,5,0.113126,1000000
c1,sp_short,4,6,0.11167,1000000
c1,sp_short,12,1,0.096547,1000000
c1,sp_short,12,2,0.118869,1000000
c1,sp_short,12,3,0.10313,1000000
c1,sp_short,12,4,0.10927,1000000
c1,sp_short,12,5,0.10304,1000000
c1,sp_short,12,6,0.099534,1000000
c1,sp_long,1,1,0.357768,200000
c1,sp_long,1,2,0.330687,200000
c1,sp_long,1,3,0.350517,200000
c1,sp_long,1,4,0.335734,200000
c1,sp_long,1,5,0.387048,200000
c1,sp_long,1,6,0.331173,200000
c1,sp_long,4,1,0.186402,200000
c1,sp_long,4,2,0.154993,200000
c1,sp_long,4,3,0.154981,200000
c1,sp_long,4,4,0.172349,200000
c1,sp_long,4,5,0.198142,200000
c1,sp_long,4,6,0.156522,200000
c1,sp_long,12,1,0.132137,200000
c1,sp_long,12,2,0.142955,200000
c1,sp_long,12,3,0.145732,200000
c1,sp_long,12,4,0.131141,200000
c1,sp_long,12,5,0.131929,200000
c1,sp_long,12,6,0.128787,200000
c1,sp_multi,1,1,0.533806,1000000
c1,sp_multi,1,2,0.573062,1000000
c1,sp_multi,1,3,0.511777,1000000
c1,sp_multi,1,4,0.512127,1000000
c1,sp_multi,1,5,0.513,1000000
c1,sp_multi,1,6,0.528382,1000000
c1,sp_multi,4,1,0.355448,1000000
c1,sp_multi,4,2,0.361796,1000000
c1,sp_multi,4,3,0.336468,1000000
c1,sp_multi,4,4,0.300149,1000000
c1,sp_multi,4,5,0.293457,1000000
c1,sp_multi,4,6,0.312377,1000000
c1,sp_multi,12,1,0.265896,1000000
c1,sp_multi,12,2,0.28081,1000000
c1,sp_multi,12,3,0.273652,1000000
c1,sp_multi,12,4,0.275576,1000000
c1,sp_multi,12,5,0.262029,1000000
c1,sp_multi,12,6,0.283156,1000000
c2,sp_short,1,1,0.223137,1000000
c2,sp_short,1,2,0.204384,1000000
c2,sp_short,1,3,0.245039,1000000
c2,sp_short,1,4,0.239539,1000000
c2,sp_short,1,5,0.354835,1000000
c2,sp_short,1,6,0.231878,1000000
c2,sp_short,4,1,0.18739,1000000
c2,sp_short,4,2,0.122838,1000000
c2,sp_short,4,3,0.116826,1000000
c2,sp_short,4,4,0.111555,1000000
c2,sp_short,4,5,0.110721,1000000
c2,sp_short,4,6,0.113155,1000000
c2,sp_short,12,1,0.112014,1000000
c2,sp_short,12,2,0.108772,1000000
c2,sp_short,12,3,0.106637,1000000
c2,sp_short,12,4,0.105378,1000000
c2,sp_short,12,5,0.100387,1000000
c2,sp_short,12,6,0.132231,1000000
c2,sp_long,1,1,0.32731,200000
c2,sp_long,1,2,0.342795,200000
c2,sp_long,1,3,0.341263,200000
c2,sp_long,1,4,0.334537,200000
c2,sp_long,1,5,0.331981,200000
c2,sp_long,1,6,0.339228,200000
c2,sp_long,4,1,0.178094,200000
c2,sp_long,4,2,0.153263,200000
c2,sp_long,4,3,0.149916,200000
c2,sp_long,4,4,0.156329,200000
c2,sp_long,4,5,0.156753,200000
c2,sp_long,4,6,0.155906,200000
c2,sp_long,12,1,0.130903,200000
c2,sp_long,12,2,0.165489,200000
c2,sp_long,12,3,0.132,200000
c2,sp_long,12,4,0.132484,200000
c2,sp_long,12,5,0.131438,200000
c2,sp_long,12,6,0.137654,200000
c2,sp_multi,1,1,0.451143,1000000
c2,sp_multi,1,2,0.445214,1000000
c2,sp_multi,1,3,0.443337,1000000
c2,sp_multi,1,4,0.438869,1000000
c2,sp_multi,1,5,0.436681,1000000
c2,sp_multi,1,6,0.446499,1000000
c2,sp_multi,4,1,0.285059,1000000
c2,sp_multi,4,2,0.279331,1000000
c2,sp_multi,4,3,0.285022,1000000
c2,sp_multi,4,4,0.281598,1000000
c2,sp_multi,4,5,0.278523,1000000
c2,sp_multi,4,6,0.294062,1000000
c2,sp_multi,12,1,0.276494,1000000
c2,sp_multi,12,2,0.258469,1000000
c2,sp_multi,12,3,0.257553,1000000
c2,sp_multi,12,4,0.27229,1000000
c2,sp_multi,12,5,0.268799,1000000
c2,sp_multi,12,6,0.282197,1000000
b2,sp_short,1,1,0.231762,1000000
b2,sp_short,1,2,0.224579,1000000
b2,sp_short,1,3,0.27497,1000000
b2,sp_short,1,4,0.222886,1000000
b2,sp_short,1,5,0.279711,1000000
b2,sp_short,1,6,0.229521,1000000
b2,sp_short,4,1,0.11767,1000000
b2,sp_short,4,2,0.133457,1000000
b2,sp_short,4,3,0.154853,1000000
b2,sp_short,4,4,0.117071,1000000
b2,sp_short,4,5,0.116648,1000000
b2,sp_short,4,6,0.119025,1000000
b2,sp_short,12,1,0.186616,1000000
b2,sp_short,12,2,0.10887,1000000
b2,sp_short,12,3,0.105824,1000000
b2,sp_short,12,4,0.110525,1000000
b2,sp_short,12,5,0.1059,1000000
b2,sp_short,12,6,0.106267,1000000
b2,sp_long,1,1,0.444009,200000
b2,sp_long,1,2,0.430506,200000
b2,sp_long,1,3,0.422319,200000
b2,sp_long,1,4,0.425642,200000
b2,sp_long,1,5,0.430588,200000
b2,sp_long,1,6,0.428773,200000
b2,sp_long,4,1,0.203992,200000
b2,sp_long,4,2,0.178153,200000
b2,sp_long,4,3,0.177823,200000
b2,sp_long,4,4,0.215714,200000
b2,sp_long,4,5,0.187406,200000
b2,sp_long,4,6,0.179708,200000
b2,sp_long,12,1,0.147279,200000
b2,sp_long,12,2,0.146268,200000
b2,sp_long,12,3,0.173467,200000
b2,sp_long,12,4,0.176555,200000
b2,sp_long,12,5,0.149424,200000
b2,sp_long,12,6,0.150933,200000
b2,sp_multi,1,1,1.244021,1000000
b2,sp_multi,1,2,1.246736,1000000
b2,sp_multi,1,3,1.270241,1000000
b2,sp_multi,1,4,1.230474,1000000
b2,sp_multi,1,5,1.277794,1000000
b2,sp_multi,1,6,1.265102,1000000
b2,sp_multi,4,1,0.580594,1000000
b2,sp_multi,4,2,0.654168,1000000
b2,sp_multi,4,3,0.601806,1000000
b2,sp_multi,4,4,0.566411,1000000
b2,sp_multi,4,5,0.534048,1000000
b2,sp_multi,4,6,0.595273,1000000
b2,sp_multi,12,1,0.349178,1000000
b2,sp_multi,12,2,0.392827,1000000
b2,sp_multi,12,3,0.351488,1000000
b2,sp_multi,12,4,0.38415,1000000
b2,sp_multi,12,5,0.460088,1000000
b2,sp_multi,12,6,0.36642,1000000
