command,input_rows_per_dataset,implementation,threads,repetition,seconds,output_rows
ipolate,1000000,reference,12,1,0.869278,1000000
ipolate,1000000,ctools,12,1,0.052925,1000000
ipolate,1000000,ctools,12,2,0.054302,1000000
ipolate,1000000,reference,12,2,0.851064,1000000
ipolate,1000000,reference,12,3,0.972201,1000000
ipolate,1000000,ctools,12,3,0.052927,1000000
ipolate,1000000,ctools,12,4,0.053224,1000000
ipolate,1000000,reference,12,4,0.78524,1000000
split,1000000,reference,12,1,3.488004,1000000
split,1000000,ctools,12,1,0.169285,1000000
split,1000000,ctools,12,2,0.171028,1000000
split,1000000,reference,12,2,3.601617,1000000
split,1000000,reference,12,3,3.518639,1000000
split,1000000,ctools,12,3,0.168271,1000000
split,1000000,ctools,12,4,0.169413,1000000
split,1000000,reference,12,4,3.599097,1000000
rangejoin,1000000,reference,12,1,2.842464,1998000
rangejoin,1000000,ctools,12,1,0.283211,1998000
rangejoin,1000000,ctools,12,2,0.223283,1998000
rangejoin,1000000,reference,12,2,3.013829,1998000
rangejoin,1000000,reference,12,3,2.87061,1998000
rangejoin,1000000,ctools,12,3,0.148831,1998000
rangejoin,1000000,ctools,12,4,0.141383,1998000
rangejoin,1000000,reference,12,4,2.778907,1998000
ipolate,5000000,reference,12,1,4.714127,5000000
ipolate,5000000,ctools,12,1,0.246306,5000000
ipolate,5000000,ctools,12,2,0.245232,5000000
ipolate,5000000,reference,12,2,4.493315,5000000
ipolate,5000000,reference,12,3,4.474033,5000000
ipolate,5000000,ctools,12,3,0.246549,5000000
ipolate,5000000,ctools,12,4,0.261648,5000000
ipolate,5000000,reference,12,4,4.769953,5000000
split,5000000,reference,12,1,15.072569,5000000
split,5000000,ctools,12,1,0.614,5000000
split,5000000,ctools,12,2,0.607603,5000000
split,5000000,reference,12,2,14.052107,5000000
split,5000000,reference,12,3,14.394723,5000000
split,5000000,ctools,12,3,0.621485,5000000
split,5000000,ctools,12,4,0.612073,5000000
split,5000000,reference,12,4,13.633089,5000000
rangejoin,5000000,reference,12,1,14.187307,9990000
rangejoin,5000000,ctools,12,1,0.846221,9990000
rangejoin,5000000,ctools,12,2,0.902248,9990000
rangejoin,5000000,reference,12,2,14.285208,9990000
rangejoin,5000000,reference,12,3,13.690939,9990000
rangejoin,5000000,ctools,12,3,0.682294,9990000
rangejoin,5000000,ctools,12,4,0.65358,9990000
rangejoin,5000000,reference,12,4,13.710678,9990000
ipolate,20000000,reference,12,1,19.941293,20000000
ipolate,20000000,ctools,12,1,1.285845,20000000
ipolate,20000000,ctools,12,2,1.273861,20000000
ipolate,20000000,reference,12,2,25.798239,20000000
ipolate,20000000,reference,12,3,21.238321,20000000
ipolate,20000000,ctools,12,3,0.97823,20000000
ipolate,20000000,ctools,12,4,0.981078,20000000
ipolate,20000000,reference,12,4,19.91776,20000000
split,20000000,reference,12,1,53.876832,20000000
split,20000000,ctools,12,1,3.243563,20000000
split,20000000,ctools,12,2,3.296065,20000000
split,20000000,reference,12,2,63.37096,20000000
split,20000000,reference,12,3,62.182278,20000000
split,20000000,ctools,12,3,2.965228,20000000
split,20000000,ctools,12,4,2.98779,20000000
split,20000000,reference,12,4,63.930723,20000000
rangejoin,20000000,reference,12,1,56.136997,39960000
rangejoin,20000000,ctools,12,1,2.813185,39960000
rangejoin,20000000,ctools,12,2,2.749448,39960000
rangejoin,20000000,reference,12,2,57.073074,39960000
rangejoin,20000000,reference,12,3,57.666514,39960000
rangejoin,20000000,ctools,12,3,2.885264,39960000
rangejoin,20000000,ctools,12,4,3.004301,39960000
rangejoin,20000000,reference,12,4,56.981352,39960000
