variant,rows,repetition,case,threads,seconds
baseline,1000,1,sort_id,8,0.00086
baseline,1000,1,sort_string,8,0.000872
baseline,1000,1,sort_stream,8,0.001284
baseline,1000,1,merge_group,8,0.005519
candidate,1000,1,sort_id,8,0.000908
candidate,1000,1,sort_string,8,0.000943
candidate,1000,1,sort_stream,8,0.001252
candidate,1000,1,merge_group,8,0.006601
baseline,2000000,1,sort_id,8,0.483708
baseline,2000000,1,sort_string,8,0.6220359999999999
baseline,2000000,1,sort_stream,8,0.74667
baseline,2000000,1,merge_group,8,0.643882
baseline,2000000,2,sort_id,8,0.727984
baseline,2000000,2,sort_string,8,0.7547640000000001
baseline,2000000,2,sort_stream,8,0.8163819999999999
baseline,2000000,2,merge_group,8,0.7045549999999999
baseline,2000000,3,sort_id,8,0.489978
baseline,2000000,3,sort_string,8,0.836881
baseline,2000000,3,sort_stream,8,0.792233
baseline,2000000,3,merge_group,8,0.633683
baseline,2000000,4,sort_id,8,0.673065
baseline,2000000,4,sort_string,8,0.7811009999999999
baseline,2000000,4,sort_stream,8,0.77925
baseline,2000000,4,merge_group,8,0.6446860000000001
baseline,2000000,5,sort_id,8,0.474226
baseline,2000000,5,sort_string,8,0.851681
baseline,2000000,5,sort_stream,8,0.756791
baseline,2000000,5,merge_group,8,0.5486249999999999
candidate,2000000,1,sort_id,8,0.299714
candidate,2000000,1,sort_string,8,0.74522
candidate,2000000,1,sort_stream,8,0.734708
candidate,2000000,1,merge_group,8,0.469303
candidate,2000000,2,sort_id,8,0.275424
candidate,2000000,2,sort_string,8,0.4684429999999999
candidate,2000000,2,sort_stream,8,1.250773
candidate,2000000,2,merge_group,8,0.607537
candidate,2000000,3,sort_id,8,0.44462
candidate,2000000,3,sort_string,8,0.4779100000000001
candidate,2000000,3,sort_stream,8,0.618453
candidate,2000000,3,merge_group,8,0.39157
candidate,2000000,4,sort_id,8,0.252796
candidate,2000000,4,sort_string,8,0.874685
candidate,2000000,4,sort_stream,8,0.6061580000000001
candidate,2000000,4,merge_group,8,0.858335
candidate,2000000,5,sort_id,8,0.276773
candidate,2000000,5,sort_string,8,0.480385
candidate,2000000,5,sort_stream,8,0.625295
candidate,2000000,5,merge_group,8,0.394535
