experiment,shape,width,hints,mode,variant,repetitions,load_median,load_min,load_max,load_control_ratio,store_median,store_min,store_max,store_control_ratio
screen,numeric,8,1,identity,loadtile32768,3,0.016785,0.010967,0.017478,0.7289246350908548,0.011763,0.011383,0.012172,1.004165604012582
screen,numeric,8,1,identity,loadtile4096,3,0.014988,0.013252,0.01793,0.8163197224446224,0.011371,0.011312,0.011972,1.0387828687010818
screen,numeric,8,1,identity,loadtile512,3,0.012141,0.009671,0.015024,1.0077423605963265,0.011656,0.011481,0.012092,1.0133836650652024
screen,numeric,8,1,identity,flatmalloc,3,0.011214,0.0112,0.012837,1.0910469056536471,0.011484,0.01133,0.011583,1.028561476837339
screen,numeric,8,1,identity,cachedfixed,3,0.011533,0.01113,0.011854,1.060868811237319,0.011465,0.011322,0.011645,1.0302660270388138
screen,numeric,8,1,identity,directsorted,3,0.011958,0.011713,0.012418,1.0231644087640073,0.011866,0.011579,0.011902,0.9954491825383448
screen,numeric,8,1,identity,rowload,3,0.018271,0.017071,0.019238,0.6696404137704559,0.011656,0.01142,0.01192,1.0133836650652024
screen,numeric,8,1,identity,storetile32768,3,0.011669,0.011122,0.011829,1.0485045847973262,0.012158,0.012058,0.01381,0.9715413719361736
screen,numeric,8,1,identity,storetile4096,3,0.01143,0.011267,0.011574,1.0704286964129484,0.01313,0.012854,0.013408,0.8996191926884997
screen,numeric,8,1,identity,storetile512,3,0.011675,0.010971,0.01443,1.04796573875803,0.011939,0.010692,0.016027,0.9893625931820085
screen,numeric,8,1,identity,rowstore,3,0.012086,0.011121,0.014533,1.012328313751448,0.015356,0.015142,0.015612,0.7692107319614483
screen,numeric,8,1,identity,control,3,0.012235,0.011147,0.014969,1.0,0.011812,0.011624,0.013361,1.0
screen,numeric,8,1,identity,baseline,3,0.012158,0.011001,0.014319,1.0063332784997532,0.011973,0.011695,0.012415,0.9865530777582895
screen,numeric,8,1,sorted,loadtile32768,3,0.012239,0.011004,0.013284,0.9848026799575128,0.022238,0.021955,0.023119,1.1157028509758071
screen,numeric,8,1,sorted,loadtile4096,3,0.012447,0.012035,0.014402,0.9683457861332048,0.024388,0.022362,0.024709,1.0173445957028047
screen,numeric,8,1,sorted,loadtile512,3,0.012974,0.012831,0.01352,0.9290118698936334,0.024314,0.023972,0.024819,1.020440898247923
screen,numeric,8,1,sorted,flatmalloc,3,0.01215,0.011403,0.01301,0.9920164609053498,0.024862,0.023625,0.026672,0.9979486766953585
screen,numeric,8,1,sorted,cachedfixed,3,0.012556,0.011957,0.012731,0.9599394711691621,0.024332,0.023748,0.026426,1.0196860101923393
screen,numeric,8,1,sorted,directsorted,3,0.012379,0.011686,0.01277,0.9736650779546006,0.025335,0.024045,0.027465,0.9793171501874877
screen,numeric,8,1,sorted,rowload,3,0.01872,0.017758,0.0193,0.6438568376068375,0.026186,0.02396,0.026552,0.9474910257389444
screen,numeric,8,1,sorted,storetile32768,3,0.01229,0.011643,0.013105,0.9807160292921073,0.028313,0.025678,0.029858,0.8763112351216755
screen,numeric,8,1,sorted,storetile4096,3,0.011284,0.010816,0.012089,1.0681495923431406,0.024584,0.024132,0.024688,1.0092336479010737
screen,numeric,8,1,sorted,storetile512,3,0.012095,0.011966,0.012874,0.9965274906986358,0.022647,0.021128,0.023049,1.0955534949441428
screen,numeric,8,1,sorted,rowstore,3,0.01102,0.010967,0.012644,1.0937386569872958,0.029576,0.028027,0.029984,0.8388896402488504
screen,numeric,8,1,sorted,control,3,0.012053,0.011981,0.013849,1.0,0.024811,0.023919,0.025104,1.0
screen,numeric,8,1,sorted,baseline,3,0.012589,0.011768,0.012656,0.957423147191993,0.02426,0.024169,0.024448,1.022712283594394
screen,numeric,8,1,scattered,loadtile32768,3,0.014759,0.01304,0.015149,0.7945660275086388,0.012114,0.011696,0.012517,0.9772164437840515
screen,numeric,8,1,scattered,loadtile4096,3,0.015131,0.011206,0.01561,0.7750313925054524,0.011709,0.011481,0.013301,1.0110171662823468
screen,numeric,8,1,scattered,loadtile512,3,0.015213,0.012683,0.01528,0.77085387497535,0.012448,0.012384,0.012657,0.9509961439588688
screen,numeric,8,1,scattered,flatmalloc,3,0.011597,0.011564,0.012638,1.0112097956368027,0.011936,0.011575,0.012037,0.9917895442359249
screen,numeric,8,1,scattered,cachedfixed,3,0.011773,0.011161,0.013133,0.9960927546080013,0.012085,0.011341,0.012304,0.9795614398014066
screen,numeric,8,1,scattered,directsorted,3,0.012038,0.011808,0.012959,0.9741651437115799,0.012317,0.011379,0.012374,0.9611106600633271
screen,numeric,8,1,scattered,rowload,3,0.017909,0.017667,0.019018,0.6548104305097995,0.011776,0.011365,0.01274,1.0052649456521738
screen,numeric,8,1,scattered,storetile32768,3,0.012813,0.011803,0.013163,0.9152423320065558,0.011785,0.011376,0.012572,1.0044972422571063
screen,numeric,8,1,scattered,storetile4096,3,0.011914,0.011546,0.012321,0.9843041799563539,0.012205,0.011403,0.012922,0.9699303564113068
screen,numeric,8,1,scattered,storetile512,3,0.012454,0.011856,0.013557,0.9416251806648466,0.011246,0.010185,0.012149,1.0526409390005333
screen,numeric,8,1,scattered,rowstore,3,0.012346,0.01193,0.012609,0.9498623035801069,0.016196,0.014025,0.016595,0.7309212151148432
screen,numeric,8,1,scattered,control,3,0.011727,0.011723,0.013197,1.0,0.011838,0.011321,0.011914,1.0
screen,numeric,8,1,scattered,baseline,3,0.012388,0.011769,0.012809,0.9466419115272845,0.012579,0.012258,0.012694,0.9410922966849511
screen,numeric,8,1,filtered,loadtile32768,3,0.027366,0.027238,0.028938,0.9465760432653657,0.019836,0.019418,0.020029,0.9607279693486591
screen,numeric,8,1,filtered,loadtile4096,3,0.026793,0.026123,0.028409,0.9668196917105214,0.019398,0.018811,0.02388,0.9824208681307353
screen,numeric,8,1,filtered,loadtile512,3,0.029019,0.028601,0.03013,0.8926565353733761,0.018942,0.01865,0.022797,1.00607116460775
screen,numeric,8,1,filtered,flatmalloc,3,0.02552,0.025437,0.027046,1.0150470219435737,0.01997,0.018546,0.023813,0.9542814221331998
screen,numeric,8,1,filtered,cachedfixed,3,0.02591,0.025487,0.028113,0.9997684291779236,0.019142,0.017934,0.019786,0.9955595026642985
screen,numeric,8,1,filtered,directsorted,3,0.027217,0.027124,0.028686,0.9517580923687401,0.019497,0.017813,0.020232,0.9774324255013592
screen,numeric,8,1,filtered,rowload,3,0.033431,0.030975,0.034838,0.7748496904071072,0.019133,0.017618,0.023224,0.9960278053624628
screen,numeric,8,1,filtered,storetile32768,3,0.026125,0.025547,0.026973,0.9915406698564594,0.019958,0.016468,0.028683,0.954855195911414
screen,numeric,8,1,filtered,storetile4096,3,0.026224,0.024937,0.027307,0.987797437461867,0.021439,0.017795,0.026276,0.8888940715518449
screen,numeric,8,1,filtered,storetile512,3,0.025859,0.025683,0.027524,1.0017402065045051,0.020737,0.018123,0.02211,0.9189853884361288
screen,numeric,8,1,filtered,rowstore,3,0.027186,0.025688,0.028027,0.9528433752666814,0.024103,0.022435,0.024499,0.7906484669958097
screen,numeric,8,1,filtered,control,3,0.025904,0.025184,0.027575,1.0,0.019057,0.018845,0.020112,1.0
screen,numeric,8,1,filtered,baseline,3,0.03969,0.038882,0.041491,0.6526581002771479,0.021483,0.019383,0.023695,0.8870734999767259
screen,numeric,8,0,identity,loadtile32768,3,0.014415,0.01357,0.016786,0.8680541103017689,0.012729,0.011624,0.012825,1.0184617801869746
screen,numeric,8,0,identity,loadtile4096,3,0.016727,0.013505,0.016812,0.7480719794344474,0.012366,0.012177,0.012793,1.0483584020701924
screen,numeric,8,0,identity,loadtile512,3,0.014642,0.013868,0.015432,0.8545963666165823,0.013399,0.011708,0.014073,0.9675348906634824
screen,numeric,8,0,identity,flatmalloc,3,0.011911,0.011813,0.012568,1.0505415162454874,0.01271,0.012596,0.012732,1.0199842643587727
screen,numeric,8,0,identity,cachedfixed,3,0.012164,0.012085,0.013433,1.0286912199934233,0.012166,0.012031,0.012364,1.0655926352128884
screen,numeric,8,0,identity,directsorted,3,0.013219,0.01223,0.013748,0.946592026628338,0.012925,0.012475,0.013828,1.003017408123791
screen,numeric,8,0,identity,rowload,3,0.019212,0.019084,0.02122,0.6513116801998751,0.012623,0.012448,0.012848,1.0270141804642319
screen,numeric,8,0,identity,storetile32768,3,0.014367,0.012531,0.014662,0.8709542702025476,0.014157,0.013972,0.014506,0.9157307339125521
screen,numeric,8,0,identity,storetile4096,3,0.012446,0.01186,0.012511,1.0053832556644704,0.012695,0.01239,0.013594,1.0211894446632532
screen,numeric,8,0,identity,storetile512,3,0.012679,0.012043,0.013394,0.9869074848174146,0.012533,0.011679,0.013331,1.0343892124790552
screen,numeric,8,0,identity,rowstore,3,0.01206,0.011746,0.012759,1.0375621890547264,0.016019,0.015015,0.016086,0.8092889693488983
screen,numeric,8,0,identity,control,3,0.012513,0.011675,0.013961,1.0,0.012964,0.011896,0.014436,1.0
screen,numeric,8,0,identity,baseline,3,0.013023,0.011957,0.013836,0.9608385164708593,0.01233,0.012035,0.014076,1.051419302514193
screen,numeric,8,0,sorted,loadtile32768,3,0.016075,0.015113,0.017448,0.7451321928460343,0.02642,0.026117,0.029947,0.9263436790310371
screen,numeric,8,0,sorted,loadtile4096,3,0.015682,0.014593,0.015746,0.7638056370360923,0.023857,0.023231,0.027057,1.0258624303139539
screen,numeric,8,0,sorted,loadtile512,3,0.015564,0.014951,0.016382,0.7695965047545619,0.023512,0.022825,0.024766,1.0409152773052057
screen,numeric,8,0,sorted,flatmalloc,3,0.011751,0.011509,0.012753,1.0193175048932006,0.024789,0.023225,0.027316,0.9872927508168946
screen,numeric,8,0,sorted,cachedfixed,3,0.012086,0.011893,0.012364,0.9910640410392191,0.023568,0.023488,0.0254,1.0384419551934827
screen,numeric,8,0,sorted,directsorted,3,0.013796,0.011683,0.014013,0.86822267323862,0.024634,0.02306,0.024772,0.9935049119103677
screen,numeric,8,0,sorted,rowload,3,0.0205,0.019755,0.023735,0.5842926829268292,0.02345,0.023199,0.024289,1.0436673773987206
screen,numeric,8,0,sorted,storetile32768,3,0.012764,0.011753,0.014291,0.9384205578188657,0.025854,0.025507,0.026845,0.9466233464841031
screen,numeric,8,0,sorted,storetile4096,3,0.012165,0.011931,0.012261,0.9846280312371558,0.026727,0.025952,0.032335,0.9157032214614435
screen,numeric,8,0,sorted,storetile512,3,0.012195,0.011795,0.012289,0.9822058220582207,0.024353,0.024331,0.024407,1.0049685870323986
screen,numeric,8,0,sorted,rowstore,3,0.011755,0.011411,0.01332,1.0189706507868992,0.02984,0.028363,0.030185,0.8201742627345845
screen,numeric,8,0,sorted,control,3,0.011978,0.011918,0.012071,1.0,0.024474,0.024373,0.026929,1.0
screen,numeric,8,0,sorted,baseline,3,0.012949,0.012486,0.013376,0.9250135145571087,0.024592,0.02458,0.026727,0.9952016916070267
screen,numeric,8,0,scattered,loadtile32768,3,0.015585,0.013266,0.016412,0.7709335899903753,0.013148,0.012424,0.013269,0.9370246425311834
screen,numeric,8,0,scattered,loadtile4096,3,0.016122,0.013493,0.017291,0.7452549311499813,0.012851,0.011914,0.014668,0.9586802583456541
screen,numeric,8,0,scattered,loadtile512,3,0.015291,0.014059,0.015557,0.7857563272513243,0.012628,0.012141,0.013255,0.975609756097561
screen,numeric,8,0,scattered,flatmalloc,3,0.011983,0.011822,0.012596,1.0026704498038888,0.012241,0.01112,0.012721,1.0064537211012172
screen,numeric,8,0,scattered,cachedfixed,3,0.014596,0.012431,0.059093,0.823170731707317,0.011851,0.011792,0.013834,1.0395747194329592
screen,numeric,8,0,scattered,directsorted,3,0.012263,0.012187,0.01391,0.9797765636467423,0.012514,0.012206,0.012904,0.984497362953492
screen,numeric,8,0,scattered,rowload,3,0.018811,0.018511,0.019102,0.6387220243474562,0.012066,0.01185,0.012194,1.0210508867893253
screen,numeric,8,0,scattered,storetile32768,3,0.01288,0.011672,0.012946,0.9328416149068323,0.013299,0.011928,0.013574,0.9263854425144747
screen,numeric,8,0,scattered,storetile4096,3,0.012061,0.011768,0.013006,0.9961860542243595,0.012607,0.012283,0.012638,0.977234869516935
screen,numeric,8,0,scattered,storetile512,3,0.012194,0.011932,0.012415,0.985320649499754,0.012667,0.011268,0.012913,0.9726059840530512
screen,numeric,8,0,scattered,rowstore,3,0.012363,0.011181,0.013526,0.9718514923562241,0.016655,0.016447,0.017268,0.7397178024617231
screen,numeric,8,0,scattered,control,3,0.012015,0.011817,0.012452,1.0,0.01232,0.011911,0.012876,1.0
screen,numeric,8,0,scattered,baseline,3,0.011923,0.011838,0.01252,1.007716178814057,0.012225,0.011884,0.012309,1.0077709611451942
screen,numeric,8,0,filtered,loadtile32768,3,0.02855,0.028249,0.030745,0.9365674255691768,0.020821,0.020749,0.022212,0.9114355698573556
screen,numeric,8,0,filtered,loadtile4096,3,0.029027,0.029003,0.03106,0.9211768353601818,0.019738,0.018709,0.02062,0.9614449285641911
screen,numeric,8,0,filtered,loadtile512,3,0.03078,0.02881,0.0309,0.8687134502923977,0.019947,0.019135,0.022553,0.9513711335037851
screen,numeric,8,0,filtered,flatmalloc,3,0.027442,0.026549,0.027444,0.9743823336491508,0.021594,0.019602,0.023681,0.8788089284060389
screen,numeric,8,0,filtered,cachedfixed,3,0.029154,0.026606,0.030793,0.9171640255196543,0.022094,0.019304,0.023056,0.858920974020096
screen,numeric,8,0,filtered,directsorted,3,0.027276,0.02707,0.027843,0.9803123625164979,0.020565,0.019087,0.021274,0.9227814247507902
screen,numeric,8,0,filtered,rowload,3,0.036079,0.033806,0.036329,0.7411236453338507,0.01984,0.019077,0.021902,0.9565020161290323
screen,numeric,8,0,filtered,storetile32768,3,0.028991,0.027477,0.029156,0.9223207202235176,0.020381,0.020283,0.020706,0.9311123104852559
screen,numeric,8,0,filtered,storetile4096,3,0.026927,0.026513,0.028427,0.9930181602109407,0.020703,0.020059,0.020931,0.9166304400328456
screen,numeric,8,0,filtered,storetile512,3,0.02863,0.025857,0.029893,0.9339504016765631,0.019928,0.01911,0.022528,0.9522782015254917
screen,numeric,8,0,filtered,rowstore,3,0.026284,0.025435,0.029379,1.01731091158119,0.023649,0.019838,0.02474,0.8024440779736988
screen,numeric,8,0,filtered,control,3,0.026739,0.025772,0.028783,1.0,0.018977,0.018765,0.01921,1.0
screen,numeric,8,0,filtered,baseline,3,0.042574,0.040062,0.042992,0.6280593789636867,0.018739,0.018614,0.01997,1.0127007844602167
screen,mixed,8,1,identity,loadtile32768,3,0.028903,0.024049,0.028974,0.9574092654741722,0.030464,0.027331,0.032488,0.8924632352941176
screen,mixed,8,1,identity,loadtile4096,3,0.029087,0.027187,0.034879,0.9513528380376113,0.030104,0.027318,0.030538,0.9031357959075207
screen,mixed,8,1,identity,loadtile512,3,0.027944,0.025833,0.071749,0.9902662467792728,0.029037,0.028918,0.03031,0.9363226228604884
screen,mixed,8,1,identity,flatmalloc,3,0.027887,0.026569,0.030371,0.9922903144834511,0.030102,0.028666,0.047356,0.9031958009434589
screen,mixed,8,1,identity,cachedfixed,3,0.033732,0.025098,0.038886,0.8203486303806474,0.036606,0.027487,0.045481,0.7427197727148555
screen,mixed,8,1,identity,directsorted,3,0.029404,0.029358,0.036137,0.9410964494626581,0.03294,0.026298,0.039058,0.8253794778384943
screen,mixed,8,1,identity,rowload,3,0.036988,0.034169,0.038136,0.748134530117876,0.022808,0.022045,0.023098,1.1920378814451071
screen,mixed,8,1,identity,storetile32768,3,0.026329,0.025937,0.026488,1.051008393786319,0.024236,0.024086,0.029348,1.121802277603565
screen,mixed,8,1,identity,storetile4096,3,0.027823,0.027248,0.031806,0.9945728354239298,0.027098,0.02402,0.029935,1.0033212783231236
screen,mixed,8,1,identity,storetile512,3,0.027068,0.025977,0.040002,1.022314171715679,0.025697,0.025012,0.042633,1.05802233723781
screen,mixed,8,1,identity,rowstore,3,0.026705,0.026697,0.029198,1.036210447481745,0.029171,0.02904,0.030539,0.9320215282300915
screen,mixed,8,1,identity,control,3,0.027672,0.025304,0.030438,1.0,0.027188,0.026202,0.027906,1.0
screen,mixed,8,1,identity,baseline,3,0.030185,0.029608,0.030525,0.9167467285075368,0.028358,0.027477,0.028387,0.9587418012553777
screen,mixed,8,1,sorted,loadtile32768,3,0.026113,0.023818,0.027216,0.9777888408072607,0.062241,0.060366,0.062856,0.9624524027570251
screen,mixed,8,1,sorted,loadtile4096,3,0.026137,0.023095,0.031392,0.9768909974365841,0.064725,0.062179,0.069025,0.925515643105446
screen,mixed,8,1,sorted,loadtile512,3,0.029941,0.027877,0.032415,0.8527771283524265,0.064028,0.061269,0.066183,0.9355906790779034
screen,mixed,8,1,sorted,flatmalloc,3,0.026944,0.024224,0.032398,0.9476321258907364,0.064232,0.059985,0.073593,0.9326192551999004
screen,mixed,8,1,sorted,cachedfixed,3,0.028162,0.023764,0.0353,0.9066472551665364,0.06646,0.05802,0.085437,0.9013541980138429
screen,mixed,8,1,sorted,directsorted,3,0.032355,0.024912,0.052735,0.7891515994436717,0.094399,0.075525,0.210902,0.6345829934639138
screen,mixed,8,1,sorted,rowload,3,0.03217,0.031413,0.068791,0.7936897730805099,0.080066,0.075427,0.117048,0.7481827492318837
screen,mixed,8,1,sorted,storetile32768,3,0.026129,0.025881,0.029333,0.977190095296414,0.055783,0.053323,0.094701,1.0738755534840363
screen,mixed,8,1,sorted,storetile4096,3,0.025787,0.025483,0.026121,0.9901500756194982,0.054038,0.049357,0.060401,1.1085532403123728
screen,mixed,8,1,sorted,storetile512,3,0.02688,0.025085,0.027359,0.9498883928571428,0.053543,0.052725,0.06023,1.1188017107745176
screen,mixed,8,1,sorted,rowstore,3,0.024159,0.024147,0.025707,1.0568732149509499,0.060717,0.044037,0.06423,0.9866100103760067
screen,mixed,8,1,sorted,control,3,0.025533,0.025306,0.026466,1.0,0.059904,0.056035,0.06183,1.0
screen,mixed,8,1,sorted,baseline,3,0.027629,0.02738,0.02801,0.9241376814216946,0.060522,0.055445,0.064353,0.9897888371170814
screen,mixed,8,1,scattered,loadtile32768,3,0.034472,0.024885,0.042126,0.8247563239730796,0.049169,0.041947,0.058134,0.9024995423945982
screen,mixed,8,1,scattered,loadtile4096,3,0.037996,0.026849,0.038383,0.7482629750500053,0.047795,0.043839,0.051152,0.9284443979495763
screen,mixed,8,1,scattered,loadtile512,3,0.032062,0.026638,0.03711,0.8867506705757595,0.044016,0.04244,0.109295,1.008156125045438
screen,mixed,8,1,scattered,flatmalloc,3,0.030783,0.029645,0.064531,0.9235941915992594,0.045352,0.044105,0.073621,0.9784573998941611
screen,mixed,8,1,scattered,cachedfixed,3,0.027739,0.02729,0.051824,1.0249468257687733,0.049267,0.040415,0.067297,0.9007043254105181
screen,mixed,8,1,scattered,directsorted,3,0.032028,0.024846,0.03918,0.8876920194829524,0.046035,0.041815,0.055007,0.9639404800695123
screen,mixed,8,1,scattered,rowload,3,0.045714,0.03387,0.046643,0.6219320120750755,0.04095,0.035751,0.058608,1.0836385836385836
screen,mixed,8,1,scattered,storetile32768,3,0.036971,0.029846,0.054174,0.7690081415163237,0.057992,0.043237,0.061545,0.7651917505862877
screen,mixed,8,1,scattered,storetile4096,3,0.031196,0.030785,0.037475,0.911366841902808,0.043091,0.037406,0.045663,1.0297974054907058
screen,mixed,8,1,scattered,storetile512,3,0.029289,0.027972,0.029504,0.970705725699068,0.038652,0.037145,0.061853,1.148064783193625
screen,mixed,8,1,scattered,rowstore,3,0.030693,0.028184,0.033574,0.9263024142312579,0.042432,0.041877,0.043985,1.0457909125188538
screen,mixed,8,1,scattered,control,3,0.028431,0.027377,0.032831,1.0,0.044375,0.042739,0.046553,1.0
screen,mixed,8,1,scattered,baseline,3,0.03318,0.032526,0.050222,0.856871609403255,0.060403,0.059735,0.065244,0.734648941277751
screen,mixed,8,1,filtered,loadtile32768,3,0.044379,0.044009,0.055539,1.2035872822731473,0.072664,0.070557,0.082459,1.0012661015083122
screen,mixed,8,1,filtered,loadtile4096,3,0.039937,0.036637,0.044704,1.3374564939780154,0.075154,0.071283,0.080586,0.9680921840487533
screen,mixed,8,1,filtered,loadtile512,3,0.040375,0.039514,0.04419,1.3229473684210526,0.07401,0.073773,0.076431,0.9830563437373327
screen,mixed,8,1,filtered,flatmalloc,3,0.046904,0.042172,0.050854,1.1387941326965718,0.073829,0.072272,0.074892,0.9854664156361321
screen,mixed,8,1,filtered,cachedfixed,3,0.044708,0.043499,0.054408,1.194730249619755,0.074409,0.072676,0.075319,0.9777849453695118
screen,mixed,8,1,filtered,directsorted,3,0.050245,0.043385,0.058244,1.0630709523335657,0.074052,0.070596,0.080037,0.982498784637822
screen,mixed,8,1,filtered,rowload,3,0.066022,0.061704,0.08761,0.8090333525188574,0.074279,0.069733,0.075586,0.979496223697142
screen,mixed,8,1,filtered,storetile32768,3,0.054456,0.047225,0.100261,0.9808652857352727,0.07571,0.071747,0.101987,0.9609826971338
screen,mixed,8,1,filtered,storetile4096,3,0.052115,0.048915,0.064594,1.0249256452077138,0.076516,0.071535,0.090778,0.9508599508599509
screen,mixed,8,1,filtered,storetile512,3,0.059289,0.043707,0.07198,0.9009091062423047,0.072677,0.070836,0.162272,1.0010870013897106
screen,mixed,8,1,filtered,rowstore,3,0.050883,0.046701,0.058145,1.0497415639801113,0.077206,0.074195,0.082037,0.9423619925912494
screen,mixed,8,1,filtered,control,3,0.053414,0.05037,0.073352,1.0,0.072756,0.072535,0.073973,1.0
screen,mixed,8,1,filtered,baseline,3,0.063484,0.061747,0.067506,0.8413773549240754,0.075822,0.072283,0.076438,0.9595631874653795
screen,mixed,8,0,identity,loadtile32768,3,0.025353,0.024136,0.026208,1.0197609750325405,0.021579,0.021211,0.023528,0.9736781129802121
screen,mixed,8,0,identity,loadtile4096,3,0.025443,0.024596,0.028312,1.0161537554533662,0.020567,0.020004,0.022735,1.021587980745855
screen,mixed,8,0,identity,loadtile512,3,0.025952,0.024018,0.027037,0.9962237977805178,0.02043,0.019496,0.021393,1.0284385707293195
screen,mixed,8,0,identity,flatmalloc,3,0.025796,0.025429,0.028415,1.0022484106062954,0.020147,0.019502,0.020674,1.0428847967439319
screen,mixed,8,0,identity,cachedfixed,3,0.02462,0.022244,0.026518,1.0501218521527214,0.019936,0.018973,0.021302,1.0539225521669342
screen,mixed,8,0,identity,directsorted,3,0.028688,0.027475,0.029611,0.9012130507529279,0.02175,0.020615,0.023848,0.9660229885057471
screen,mixed,8,0,identity,rowload,3,0.029319,0.023385,0.032132,0.8818172516115829,0.021593,0.020969,0.022231,0.9730468207289398
screen,mixed,8,0,identity,storetile32768,3,0.029741,0.025553,0.03213,0.8693049998318818,0.019519,0.015931,0.021208,1.0764383421281827
screen,mixed,8,0,identity,storetile4096,3,0.026579,0.025537,0.027036,0.9727228262914331,0.015311,0.014473,0.017735,1.372281366337927
screen,mixed,8,0,identity,storetile512,3,0.028741,0.025668,0.030915,0.8995511638425941,0.017304,0.016361,0.018556,1.2142279241793803
screen,mixed,8,0,identity,rowstore,3,0.025685,0.024916,0.025806,1.0065797157874246,0.020236,0.019101,0.022073,1.0382980826250245
screen,mixed,8,0,identity,control,3,0.025854,0.023181,0.030276,1.0,0.021011,0.018977,0.021044,1.0
screen,mixed,8,0,identity,baseline,3,0.078245,0.054255,0.089883,0.33042366924404115,0.019714,0.019527,0.019945,1.065790808562443
screen,mixed,8,0,sorted,loadtile32768,3,0.025991,0.024239,0.026393,1.0676772729021584,0.073197,0.067002,0.079418,1.0085112777846086
screen,mixed,8,0,sorted,loadtile4096,3,0.025456,0.022858,0.027001,1.0901162790697674,0.074775,0.061466,0.077686,0.9872283517218322
screen,mixed,8,0,sorted,loadtile512,3,0.026634,0.023413,0.02879,1.041901329128182,0.067949,0.065645,0.082189,1.0864030375722968
screen,mixed,8,0,sorted,flatmalloc,3,0.025446,0.023405,0.028732,1.0905446828578165,0.06944,0.067102,0.069848,1.0630760368663594
screen,mixed,8,0,sorted,cachedfixed,3,0.023223,0.022746,0.023806,1.194936054773285,0.067074,0.065515,0.073116,1.1005754837940185
screen,mixed,8,0,sorted,directsorted,3,0.027926,0.023615,0.029403,0.9936976294492588,0.074332,0.069507,0.07492,0.9931119840714632
screen,mixed,8,0,sorted,rowload,3,0.033383,0.03112,0.035652,0.8312614204834795,0.075854,0.073501,0.076296,0.9731853297123421
screen,mixed,8,0,sorted,storetile32768,3,0.029576,0.028401,0.044621,0.9382607519610494,0.073147,0.064669,0.073462,1.0092006507443914
screen,mixed,8,0,sorted,storetile4096,3,0.030687,0.02623,0.032248,0.9042917196206863,0.07548,0.063387,0.078294,0.9780074191838897
screen,mixed,8,0,sorted,storetile512,3,0.028485,0.026133,0.032222,0.9741969457609269,0.078452,0.064743,0.08355,0.9409575281700913
screen,mixed,8,0,sorted,rowstore,3,0.02879,0.026473,0.029811,0.9638763459534561,0.061573,0.05784,0.075371,1.1989021161872897
screen,mixed,8,0,sorted,control,3,0.02775,0.025559,0.029027,1.0,0.07382,0.063524,0.074207,1.0
screen,mixed,8,0,sorted,baseline,3,0.087676,0.031116,0.094832,0.3165062274738811,0.067426,0.065219,0.075776,1.0948298875804585
screen,mixed,8,0,scattered,loadtile32768,3,0.026508,0.025151,0.026528,1.1025350837483023,0.034479,0.030819,0.035066,0.955741175788161
screen,mixed,8,0,scattered,loadtile4096,3,0.02576,0.024974,0.028627,1.1345496894409937,0.036941,0.030113,0.03772,0.8920440702742211
screen,mixed,8,0,scattered,loadtile512,3,0.02607,0.025215,0.027492,1.1210586881472957,0.034194,0.03265,0.036605,0.9637070831139967
screen,mixed,8,0,scattered,flatmalloc,3,0.027995,0.026022,0.028476,1.0439721378817646,0.032022,0.031936,0.033437,1.0290737617887702
screen,mixed,8,0,scattered,cachedfixed,3,0.024977,0.023728,0.025017,1.1701165071866118,0.033103,0.0328,0.03345,0.995468688638492
screen,mixed,8,0,scattered,directsorted,3,0.02555,0.025065,0.026817,1.1438747553816047,0.03319,0.032105,0.033819,0.9928592949683641
screen,mixed,8,0,scattered,rowload,3,0.031696,0.029668,0.033668,0.9220721857647651,0.031878,0.031767,0.032674,1.033722316331012
screen,mixed,8,0,scattered,storetile32768,3,0.029275,0.024039,0.029379,0.9983262169086251,0.027066,0.027036,0.028965,1.2175053572748098
screen,mixed,8,0,scattered,storetile4096,3,0.026587,0.025957,0.027661,1.0992590363711587,0.024503,0.024449,0.025565,1.3448557319511898
screen,mixed,8,0,scattered,storetile512,3,0.02695,0.026195,0.027898,1.0844526901669758,0.027104,0.026413,0.028937,1.2157984061393154
screen,mixed,8,0,scattered,rowstore,3,0.026334,0.025148,0.03263,1.1098200045568467,0.033554,0.031813,0.034245,0.9820885736424868
screen,mixed,8,0,scattered,control,3,0.029226,0.02816,0.03161,1.0,0.032953,0.032297,0.033305,1.0
screen,mixed,8,0,scattered,baseline,3,0.064311,0.047563,0.073669,0.4544479171525867,0.031173,0.030787,0.031962,1.057100696115228
screen,mixed,8,0,filtered,loadtile32768,3,0.046237,0.045757,0.04818,0.8776953522071068,0.06984,0.068899,0.072408,0.9791809851088202
screen,mixed,8,0,filtered,loadtile4096,3,0.041026,0.040532,0.041603,0.9891775946960464,0.069768,0.069264,0.071407,0.980191491801399
screen,mixed,8,0,filtered,loadtile512,3,0.041008,0.040324,0.041509,0.9896117830667186,0.068678,0.068225,0.071744,0.9957482745566266
screen,mixed,8,0,filtered,flatmalloc,3,0.041377,0.040888,0.04147,0.9807864272421878,0.068346,0.067382,0.071442,1.0005852573669272
screen,mixed,8,0,filtered,cachedfixed,3,0.039861,0.039744,0.040401,1.0180878552971575,0.06825,0.067497,0.070333,1.0019926739926739
screen,mixed,8,0,filtered,directsorted,3,0.040598,0.039982,0.040724,0.9996058919158579,0.067901,0.067626,0.070512,1.0071427519476885
screen,mixed,8,0,filtered,rowload,3,0.046898,0.045473,0.050582,0.8653247473239797,0.067925,0.067918,0.070026,1.0067868973132132
screen,mixed,8,0,filtered,storetile32768,3,0.040333,0.039888,0.08177,1.006173604740535,0.067937,0.06768,0.069479,1.006609064280142
screen,mixed,8,0,filtered,storetile4096,3,0.040307,0.039753,0.040862,1.0068226362666535,0.067585,0.067546,0.101643,1.0118517422504993
screen,mixed,8,0,filtered,storetile512,3,0.041549,0.041481,0.04254,0.9767262750006016,0.069316,0.067693,0.157773,0.9865831842576028
screen,mixed,8,0,filtered,rowstore,3,0.045485,0.041377,0.048168,0.892206221831373,0.07058,0.068647,0.07288,0.9689147067157835
screen,mixed,8,0,filtered,control,3,0.040582,0.039624,0.044982,1.0,0.068386,0.067496,0.071287,1.0
screen,mixed,8,0,filtered,baseline,3,0.083935,0.058746,0.097391,0.483493179245845,0.070382,0.06879,0.071064,0.9716404762581342
screen,mixed,32,1,identity,loadtile32768,3,0.108751,0.085187,0.13115,0.899173340934796,0.064528,0.057404,0.065274,0.9131694768162657
screen,mixed,32,1,identity,loadtile4096,3,0.043591,0.036039,0.061521,2.243261223647083,0.065872,0.057818,0.070805,0.8945378916686908
screen,mixed,32,1,identity,loadtile512,3,0.037651,0.037173,0.038138,2.59716873389817,0.061735,0.061048,0.065692,0.9544828703328744
screen,mixed,32,1,identity,flatmalloc,3,0.099105,0.090867,0.112938,0.986690883406488,0.062985,0.059522,0.068072,0.9355402079860284
screen,mixed,32,1,identity,cachedfixed,3,0.11312,0.075346,0.113327,0.864444837340877,0.063902,0.057874,0.064231,0.9221151137679572
screen,mixed,32,1,identity,directsorted,3,0.10409,0.093962,0.121473,0.939437025650879,0.063751,0.057385,0.065092,0.9242992266787972
screen,mixed,32,1,identity,rowload,3,0.14827,0.13216,0.154144,0.6595130505159505,0.060509,0.058474,0.068603,0.9738220760548018
screen,mixed,32,1,identity,storetile32768,3,0.110805,0.084923,0.114007,0.8825053021073056,0.04388,0.040651,0.045747,1.3428669097538741
screen,mixed,32,1,identity,storetile4096,3,0.105771,0.100054,0.132491,0.9245067173421826,0.034581,0.032151,0.104968,1.7039703883635522
screen,mixed,32,1,identity,storetile512,3,0.093982,0.092315,0.108448,1.0404758357983444,0.037867,0.029514,0.038037,1.5561042596456018
screen,mixed,32,1,identity,rowstore,3,0.099391,0.091313,0.10411,0.9838516565886247,0.064049,0.058829,0.075955,0.9199987509562991
screen,mixed,32,1,identity,control,3,0.097786,0.085878,0.119413,1.0,0.058925,0.057445,0.06768,1.0
screen,mixed,32,1,identity,baseline,3,0.098977,0.096404,0.111343,0.9879669014013357,0.070703,0.066534,0.073645,0.8334158380832496
screen,mixed,32,1,sorted,loadtile32768,3,0.07775,0.077498,0.084461,0.9521157556270096,0.094265,0.094236,0.099439,0.9924043918739722
screen,mixed,32,1,sorted,loadtile4096,3,0.032984,0.030932,0.035954,2.2443305845258306,0.098213,0.094405,0.102315,0.9525113783307708
screen,mixed,32,1,sorted,loadtile512,3,0.026359,0.025738,0.027053,2.8084145832542964,0.093975,0.09348,0.094154,0.9954668794892257
screen,mixed,32,1,sorted,flatmalloc,3,0.068158,0.053887,0.070033,1.086108747322398,0.093663,0.092889,0.09419,0.9987828705038275
screen,mixed,32,1,sorted,cachedfixed,3,0.078826,0.072764,0.090178,0.9391190723872834,0.093156,0.093038,0.095086,1.0042187298724718
screen,mixed,32,1,sorted,directsorted,3,0.07685,0.075989,0.077382,0.9632661027976577,0.116675,0.116546,0.12005,0.8017913006213842
screen,mixed,32,1,sorted,rowload,3,0.097993,0.09627,0.100711,0.7554315104140091,0.109524,0.109068,0.112055,0.8541415580146817
screen,mixed,32,1,sorted,storetile32768,3,0.076628,0.074019,0.094031,0.9660567938612517,0.07659,0.075208,0.083125,1.2214257735996865
screen,mixed,32,1,sorted,storetile4096,3,0.075218,0.074427,0.075812,0.9841660240899784,0.059149,0.058441,0.059788,1.5815821062063602
screen,mixed,32,1,sorted,storetile512,3,0.077209,0.061743,0.078253,0.9587871880221217,0.059553,0.059105,0.061958,1.5708528537605158
screen,mixed,32,1,sorted,rowstore,3,0.073025,0.064979,0.075761,1.0137213283122217,0.078986,0.077435,0.086216,1.1843744461043728
screen,mixed,32,1,sorted,control,3,0.074027,0.054993,0.075642,1.0,0.093549,0.092888,0.095856,1.0
screen,mixed,32,1,sorted,baseline,3,0.067573,0.06647,0.079636,1.0955115208737218,0.093787,0.093607,0.097799,0.9974623348651732
screen,mixed,32,1,scattered,loadtile32768,3,0.094702,0.093627,0.110111,0.8340584148170049,0.083012,0.082098,0.087207,1.0281646027080422
screen,mixed,32,1,scattered,loadtile4096,3,0.043296,0.036387,0.043335,1.8243486696230597,0.084259,0.081427,0.091362,1.0129481717086601
screen,mixed,32,1,scattered,loadtile512,3,0.035614,0.03225,0.036704,2.2178637614421297,0.088694,0.085307,0.088878,0.9622973369111778
screen,mixed,32,1,scattered,flatmalloc,3,0.096261,0.085259,0.107215,0.8205503786580235,0.085429,0.081319,0.088419,0.9990752554753068
screen,mixed,32,1,scattered,cachedfixed,3,0.088645,0.08014,0.100293,0.8910485644988437,0.087335,0.084478,0.094167,0.9772714261178221
screen,mixed,32,1,scattered,directsorted,3,0.083908,0.077585,0.095206,0.9413524336177719,0.089155,0.084444,0.090621,0.9573215187033817
screen,mixed,32,1,scattered,rowload,3,0.142068,0.136548,0.157543,0.5559802348171299,0.080257,0.075283,0.081531,1.0634586391218213
screen,mixed,32,1,scattered,storetile32768,3,0.085155,0.080234,0.119721,0.9275673771358113,0.069062,0.062093,0.075018,1.2358460513741276
screen,mixed,32,1,scattered,storetile4096,3,0.1006,0.097771,0.112473,0.7851590457256462,0.056995,0.054691,0.059968,1.497499780682516
screen,mixed,32,1,scattered,storetile512,3,0.090896,0.08577,0.102634,0.8689821334272135,0.05944,0.053233,0.059803,1.4359017496635262
screen,mixed,32,1,scattered,rowstore,3,0.096825,0.096149,0.107833,0.8157707203718049,0.078591,0.073811,0.086275,1.086002213993969
screen,mixed,32,1,scattered,control,3,0.078987,0.077822,0.080892,1.0,0.08535,0.084511,0.08572,1.0
screen,mixed,32,1,scattered,baseline,3,0.094708,0.083934,0.098771,0.8340055750306204,0.10499,0.099995,0.107597,0.8129345651966854
screen,mixed,32,1,filtered,loadtile32768,3,0.077413,0.076193,0.077585,0.9708059369873278,0.172822,0.172368,0.173111,0.9965340060871879
screen,mixed,32,1,filtered,loadtile4096,3,0.042904,0.04242,0.043478,1.7516548573559576,0.172569,0.172506,0.173063,0.997995004896592
screen,mixed,32,1,filtered,loadtile512,3,0.036545,0.035913,0.037759,2.0564509508824735,0.171461,0.171178,0.171943,1.0044441593131965
screen,mixed,32,1,filtered,flatmalloc,3,0.080646,0.071989,0.087321,0.931887508369913,0.172471,0.171962,0.17309,0.9985620771028171
screen,mixed,32,1,filtered,cachedfixed,3,0.075411,0.071647,0.090834,0.9965787484584476,0.173575,0.172066,0.173778,0.9922108598588505
screen,mixed,32,1,filtered,directsorted,3,0.08857,0.074734,0.091576,0.8485152986338489,0.171187,0.170829,0.175499,1.00605186141471
screen,mixed,32,1,filtered,rowload,3,0.095127,0.094839,0.095921,0.7900280677410199,0.173235,0.172875,0.175017,0.9941582243772908
screen,mixed,32,1,filtered,storetile32768,3,0.070171,0.067241,0.085426,1.070997990622907,0.172406,0.171466,0.172591,0.9989385520225513
screen,mixed,32,1,filtered,storetile4096,3,0.088813,0.085005,0.090462,0.8461936878610112,0.172882,0.171618,0.174002,0.9961881514559062
screen,mixed,32,1,filtered,storetile512,3,0.077292,0.069476,0.092293,0.9723257258189721,0.171857,0.170569,0.174122,1.0021296775807793
screen,mixed,32,1,filtered,rowstore,3,0.088386,0.073094,0.090054,0.8502817188242481,0.17656,0.175623,0.17705,0.9754361123697326
screen,mixed,32,1,filtered,control,3,0.075153,0.074578,0.079471,1.0,0.172223,0.170983,0.172293,1.0
screen,mixed,32,1,filtered,baseline,3,0.104029,0.088614,0.107127,0.7224235549702487,0.17119,0.170989,0.171548,1.0060342309714352
screen,mixed,32,0,identity,loadtile32768,3,0.073788,0.054126,0.094803,1.012495256681303,0.057121,0.050389,0.057207,0.8961677841774479
screen,mixed,32,0,identity,loadtile4096,3,0.075521,0.054457,0.091703,0.9892612650785874,0.051533,0.047244,0.055627,0.9933440707895911
screen,mixed,32,0,identity,loadtile512,3,0.074131,0.072879,0.07495,1.0078104976325692,0.050977,0.050954,0.051265,1.0041783549443866
screen,mixed,32,0,identity,flatmalloc,3,0.075091,0.053214,0.092212,0.9949261562637333,0.051197,0.051077,0.052911,0.9998632732386663
screen,mixed,32,0,identity,cachedfixed,3,0.058442,0.053661,0.075906,1.2783614523801374,0.05164,0.050322,0.058818,0.9912858249419055
screen,mixed,32,0,identity,directsorted,3,0.070775,0.053309,0.075108,1.0555987283645354,0.051611,0.051361,0.05248,0.9918428242041426
screen,mixed,32,0,identity,rowload,3,0.095794,0.095767,0.096694,0.7799027078940225,0.05074,0.049758,0.051325,1.0088687426093812
screen,mixed,32,0,identity,storetile32768,3,0.087383,0.075496,0.100896,0.8549717908517674,0.034865,0.03432,0.038671,1.468234619245662
screen,mixed,32,0,identity,storetile4096,3,0.076321,0.063468,0.099602,0.9788917860090931,0.029388,0.024379,0.02989,1.741867428882537
screen,mixed,32,0,identity,storetile512,3,0.061984,0.05661,0.075452,1.2053110480123903,0.02423,0.024021,0.024547,2.1126702434997933
screen,mixed,32,0,identity,rowstore,3,0.070676,0.066849,0.070993,1.057077367140189,0.056567,0.052138,0.079457,0.9049445789948203
screen,mixed,32,0,identity,control,3,0.07471,0.054025,0.085388,1.0,0.05119,0.050773,0.051668,1.0
screen,mixed,32,0,identity,baseline,3,0.115936,0.102957,0.118076,0.6444072591774772,0.051734,0.051211,0.054145,0.9894846715892835
screen,mixed,32,0,sorted,loadtile32768,3,0.069008,0.053524,0.074951,0.9752202643171806,0.109218,0.107812,0.113989,0.9801955721584354
screen,mixed,32,0,sorted,loadtile4096,3,0.065251,0.053478,0.07955,1.031371166725414,0.108397,0.1083,0.110308,0.987619583567811
screen,mixed,32,0,sorted,loadtile512,3,0.076216,0.054055,0.094595,0.882990448199853,0.106808,0.105226,0.113812,1.0023125608568646
screen,mixed,32,0,sorted,flatmalloc,3,0.069744,0.054312,0.074121,0.9649288827712778,0.107141,0.106101,0.108989,0.9991973194202033
screen,mixed,32,0,sorted,cachedfixed,3,0.072428,0.070431,0.083633,0.9291710388247638,0.108282,0.107327,0.11298,0.9886684767551394
screen,mixed,32,0,sorted,directsorted,3,0.061624,0.059201,0.076319,1.0920745164221732,0.108125,0.107763,0.109074,0.9901040462427746
screen,mixed,32,0,sorted,rowload,3,0.096247,0.09512,0.097589,0.6992217939260444,0.107518,0.10717,0.113103,0.9956937443032794
screen,mixed,32,0,sorted,storetile32768,3,0.090187,0.068332,0.092813,0.7462051071662212,0.07907,0.078512,0.081748,1.3539269002149994
screen,mixed,32,0,sorted,storetile4096,3,0.067915,0.062191,0.099463,0.9909151144813368,0.08377,0.08087,0.091021,1.2779634714098127
screen,mixed,32,0,sorted,storetile512,3,0.07474,0.067757,0.075379,0.9004281509232004,0.091164,0.089622,0.093903,1.1743122285112544
screen,mixed,32,0,sorted,rowstore,3,0.083159,0.054295,0.08457,0.8092689907286043,0.07706,0.075545,0.094706,1.3892421489748248
screen,mixed,32,0,sorted,control,3,0.067298,0.054382,0.091562,1.0,0.107055,0.106635,0.107372,1.0
screen,mixed,32,0,sorted,baseline,3,0.094934,0.093297,0.096954,0.7088924937324877,0.107311,0.106839,0.115876,0.9976144104518642
screen,mixed,32,0,scattered,loadtile32768,3,0.087327,0.068394,0.090477,0.9211813070413504,0.074645,0.074066,0.079196,1.0490052917141135
screen,mixed,32,0,scattered,loadtile4096,3,0.076175,0.057716,0.080358,1.0560420085329831,0.075248,0.073523,0.079472,1.0405990856899852
screen,mixed,32,0,scattered,loadtile512,3,0.070051,0.054531,0.074679,1.1483633352842928,0.077459,0.074749,0.083169,1.0108960869621348
screen,mixed,32,0,scattered,flatmalloc,3,0.093779,0.074336,0.095992,0.8578039859670076,0.081209,0.078936,0.081345,0.9642157888903938
screen,mixed,32,0,scattered,cachedfixed,3,0.062766,0.054892,0.079628,1.2816493005767453,0.073431,0.073113,0.079328,1.0663480001634187
screen,mixed,32,0,scattered,directsorted,3,0.088807,0.07415,0.100021,0.9058294954226582,0.07888,0.077232,0.080411,0.9926850912778904
screen,mixed,32,0,scattered,rowload,3,0.125828,0.124106,0.138946,0.6393171631115492,0.080596,0.077298,0.082744,0.971549456548712
screen,mixed,32,0,scattered,storetile32768,3,0.089412,0.077477,0.092039,0.8997002639466738,0.059635,0.059347,0.061344,1.3130376456778736
screen,mixed,32,0,scattered,storetile4096,3,0.093651,0.078027,0.100121,0.858976412424854,0.053211,0.051578,0.057042,1.4715566330270056
screen,mixed,32,0,scattered,storetile512,3,0.090957,0.081854,0.104619,0.8844179117605022,0.058218,0.057564,0.066238,1.3449963928681852
screen,mixed,32,0,scattered,rowstore,3,0.099601,0.092582,0.103384,0.8076625736689391,0.065824,0.065699,0.070798,1.1895813077297035
screen,mixed,32,0,scattered,control,3,0.080444,0.06804,0.090401,1.0,0.078303,0.075336,0.08534,1.0
screen,mixed,32,0,scattered,baseline,3,0.127432,0.090205,0.131496,0.6312700106723587,0.073477,0.073401,0.079136,1.0656804170012384
screen,mixed,32,0,filtered,loadtile32768,3,0.094892,0.089496,0.096158,0.9544429456645449,0.179047,0.176538,0.18103,0.976933430886862
screen,mixed,32,0,filtered,loadtile4096,3,0.089167,0.088551,0.094542,1.0157233057072683,0.177606,0.174213,0.178349,0.9848597457293108
screen,mixed,32,0,filtered,loadtile512,3,0.089545,0.081678,0.091332,1.0114355910436093,0.178124,0.176744,0.179054,0.981995688396847
screen,mixed,32,0,filtered,flatmalloc,3,0.08668,0.082407,0.093158,1.0448661744347023,0.177721,0.175164,0.18592,0.9842224610484973
screen,mixed,32,0,filtered,cachedfixed,3,0.088978,0.088168,0.091388,1.0178808244734654,0.177607,0.171889,0.180915,0.9848542005664191
screen,mixed,32,0,filtered,directsorted,3,0.090004,0.080774,0.091076,1.006277498777832,0.176744,0.174647,0.178274,0.989663015434753
screen,mixed,32,0,filtered,rowload,3,0.127967,0.127178,0.129143,0.7077527800135972,0.179819,0.176126,0.17987,0.9727392544725528
screen,mixed,32,0,filtered,storetile32768,3,0.09276,0.086677,0.101318,0.9763799051315222,0.176871,0.172181,0.182236,0.9889524003369687
screen,mixed,32,0,filtered,storetile4096,3,0.088943,0.076938,0.090085,1.0182813712152727,0.178791,0.17475,0.178826,0.9783322426744074
screen,mixed,32,0,filtered,storetile512,3,0.089737,0.088696,0.092856,1.009271537938643,0.177649,0.174803,0.189059,0.9846213600977207
screen,mixed,32,0,filtered,rowstore,3,0.092065,0.091717,0.107093,0.9837506109813718,0.174299,0.172765,0.181432,1.0035456313576094
screen,mixed,32,0,filtered,control,3,0.090569,0.087923,0.094031,1.0,0.174917,0.173404,0.178178,1.0
screen,mixed,32,0,filtered,baseline,3,0.112494,0.103179,0.139809,0.8051007164826568,0.17635,0.176011,0.178307,0.9918741139778848
targeted,numeric,8,1,identity,numericunroll,7,0.010472,0.010437,0.011108,1.0805003819709702,0.011014,0.01059,0.012331,0.9805701834029418
targeted,numeric,8,1,identity,filteredstr,7,0.011238,0.011041,0.013419,1.0068517529809575,0.011103,0.0106,0.020925,0.9727100783572008
targeted,numeric,8,1,identity,cachedfixed,7,0.01124,0.011108,0.055962,1.0066725978647688,0.011085,0.010868,0.035882,0.9742895805142084
targeted,numeric,8,1,identity,control,7,0.011315,0.011051,0.012746,1.0,0.0108,0.01065,0.013022,1.0
targeted,numeric,8,1,scattered,numericunroll,7,0.010779,0.01052,0.011206,1.0303367659337601,0.010758,0.010381,0.011215,1.0377393567577617
targeted,numeric,8,1,scattered,filteredstr,7,0.011076,0.010799,0.011128,1.0027085590465872,0.011262,0.010911,0.011438,0.9912981708399929
targeted,numeric,8,1,scattered,cachedfixed,7,0.01117,0.010997,0.011708,0.9942703670546106,0.011158,0.010843,0.011637,1.0005377307761247
targeted,numeric,8,1,scattered,control,7,0.011106,0.0109,0.011548,1.0,0.011164,0.011043,0.011759,1.0
targeted,numeric,8,1,filtered,numericunroll,7,0.025045,0.024802,0.025479,1.019245358354961,0.015461,0.014877,0.0158,0.9887458767220748
targeted,numeric,8,1,filtered,filteredstr,7,0.025678,0.025115,0.044133,0.9941194797102578,0.015479,0.014933,0.017361,0.9875960979391434
targeted,numeric,8,1,filtered,cachedfixed,7,0.025589,0.025326,0.026484,0.9975770839032397,0.015603,0.014865,0.017511,0.979747484458117
targeted,numeric,8,1,filtered,control,7,0.025527,0.025169,0.026553,1.0,0.015287,0.015203,0.018516,1.0
targeted,numeric,8,0,identity,numericunroll,7,0.010615,0.010309,0.010747,1.0409797456429581,0.010772,0.010513,0.011402,1.0346268102487932
targeted,numeric,8,0,identity,filteredstr,7,0.011073,0.010891,0.011417,0.9979228754628376,0.011191,0.011016,0.011478,0.9958895541059781
targeted,numeric,8,0,identity,cachedfixed,7,0.011031,0.010902,0.012287,1.0017224186383828,0.011062,0.010783,0.011558,1.0075031639848129
targeted,numeric,8,0,identity,control,7,0.01105,0.010886,0.011233,1.0,0.011145,0.010854,0.011457,1.0
targeted,numeric,8,0,scattered,numericunroll,7,0.010577,0.01049,0.011265,1.061454098515647,0.011006,0.010902,0.011303,1.0149009631110302
targeted,numeric,8,0,scattered,filteredstr,7,0.011299,0.011143,0.01155,0.9936277546685547,0.011053,0.010734,0.011533,1.0105853614403328
targeted,numeric,8,0,scattered,cachedfixed,7,0.011375,0.011283,0.011802,0.9869890109890109,0.01118,0.010851,0.011402,0.9991055456171734
targeted,numeric,8,0,scattered,control,7,0.011227,0.011034,0.011593,1.0,0.01117,0.01082,0.01201,1.0
targeted,numeric,8,0,filtered,numericunroll,7,0.025069,0.024883,0.0255,1.0295185288603454,0.016318,0.015785,0.016878,0.9792253952690281
targeted,numeric,8,0,filtered,filteredstr,7,0.025728,0.025137,0.025955,1.0031483208955223,0.01573,0.015428,0.017256,1.0158296249205339
targeted,numeric,8,0,filtered,cachedfixed,7,0.026371,0.025263,0.02718,0.9786887110841455,0.016004,0.015788,0.01798,0.9984378905273681
targeted,numeric,8,0,filtered,control,7,0.025809,0.025526,0.026216,1.0,0.015979,0.014921,0.018254,1.0
targeted,mixed,8,1,identity,numericunroll,7,0.023009,0.022855,0.024358,1.0193837194141422,0.024031,0.023194,0.025141,1.0308767841538014
targeted,mixed,8,1,identity,filteredstr,7,0.02363,0.023199,0.024692,0.9925941599661446,0.024436,0.023956,0.025047,1.0137911278441645
targeted,mixed,8,1,identity,cachedfixed,7,0.022223,0.021839,0.023813,1.0554380596679116,0.025081,0.024197,0.025472,0.9877197878872453
targeted,mixed,8,1,identity,control,7,0.023455,0.022926,0.024207,1.0,0.024773,0.024285,0.027047,1.0
targeted,mixed,8,1,scattered,numericunroll,7,0.023238,0.023133,0.023823,1.0213013168086753,0.036916,0.035601,0.03842,1.0172824791418356
targeted,mixed,8,1,scattered,filteredstr,7,0.023662,0.023068,0.024747,1.0030005916659623,0.038175,0.035876,0.039788,0.9837328094302553
targeted,mixed,8,1,scattered,cachedfixed,7,0.022468,0.021921,0.023626,1.0563022965996085,0.038997,0.036557,0.040327,0.9629971536272021
targeted,mixed,8,1,scattered,control,7,0.023733,0.022671,0.025593,1.0,0.037554,0.036473,0.039466,1.0
targeted,mixed,8,1,filtered,numericunroll,7,0.039853,0.03928,0.041622,1.0050937194188643,0.066826,0.066493,0.069694,1.0028880974471015
targeted,mixed,8,1,filtered,filteredstr,7,0.04004,0.039611,0.043277,1.0003996003996005,0.02442,0.023676,0.028399,2.744430794430794
targeted,mixed,8,1,filtered,cachedfixed,7,0.039682,0.039576,0.039878,1.0094249281790233,0.066927,0.066408,0.067434,1.0013746320617987
targeted,mixed,8,1,filtered,control,7,0.040056,0.039645,0.043475,1.0,0.067019,0.066133,0.068446,1.0
targeted,mixed,8,0,identity,numericunroll,7,0.027882,0.023916,0.029427,1.1306936374722043,0.019312,0.01903,0.019917,0.995443247721624
targeted,mixed,8,0,identity,filteredstr,7,0.027126,0.024353,0.029285,1.16220600162206,0.0198,0.018935,0.035552,0.9709090909090909
targeted,mixed,8,0,identity,cachedfixed,7,0.026314,0.024833,0.028661,1.198069468723873,0.019393,0.018918,0.020676,0.9912855153921518
targeted,mixed,8,0,identity,control,7,0.031526,0.030002,0.034887,1.0,0.019224,0.018956,0.019994,1.0
targeted,mixed,8,0,scattered,numericunroll,7,0.025595,0.022986,0.030889,1.3131080289118968,0.032273,0.027741,0.034776,0.9902705047562977
targeted,mixed,8,0,scattered,filteredstr,7,0.027828,0.025406,0.030354,1.2077404053471323,0.032155,0.0297,0.033946,0.9939045249572384
targeted,mixed,8,0,scattered,cachedfixed,7,0.026763,0.02314,0.029107,1.2558009191794643,0.032509,0.028527,0.035718,0.9830816081700452
targeted,mixed,8,0,scattered,control,7,0.033609,0.028732,0.034407,1.0,0.031959,0.02797,0.034374,1.0
targeted,mixed,8,0,filtered,numericunroll,7,0.049614,0.043564,0.05423,1.0566573950900955,0.071722,0.070344,0.074901,1.000934162460612
targeted,mixed,8,0,filtered,filteredstr,7,0.050468,0.046079,0.055039,1.038777046841563,0.031804,0.028702,0.038359,2.2572317947428
targeted,mixed,8,0,filtered,cachedfixed,7,0.048067,0.043611,0.052144,1.090665113279381,0.073033,0.069447,0.175262,0.9829666041378555
targeted,mixed,8,0,filtered,control,7,0.052425,0.048162,0.055172,1.0,0.071789,0.069863,0.073005,1.0
targeted,mixed,32,1,identity,numericunroll,7,0.097802,0.078496,0.128765,1.0091409173636532,0.061393,0.055333,0.074137,0.991481113481993
targeted,mixed,32,1,identity,filteredstr,7,0.099647,0.085788,0.117081,0.990456310777043,0.059409,0.054549,0.079604,1.0245922334999749
targeted,mixed,32,1,identity,cachedfixed,7,0.096571,0.081553,0.120595,1.0220045355230867,0.061246,0.057267,0.076126,0.9938608235639879
targeted,mixed,32,1,identity,control,7,0.098696,0.076147,0.105567,1.0,0.06087,0.055996,0.067993,1.0
targeted,mixed,32,1,scattered,numericunroll,7,0.072183,0.055471,0.083322,1.185985619882798,0.074669,0.0719,0.082798,1.0487082992942185
targeted,mixed,32,1,scattered,filteredstr,7,0.077548,0.074187,0.091904,1.103935626966524,0.07308,0.072549,0.075839,1.0715106732348112
targeted,mixed,32,1,scattered,cachedfixed,7,0.074652,0.055707,0.092567,1.1467609709049993,0.073776,0.072678,0.08321,1.061402081977879
targeted,mixed,32,1,scattered,control,7,0.085608,0.072417,0.104225,1.0,0.078306,0.073212,0.083065,1.0
targeted,mixed,32,1,filtered,numericunroll,7,0.091103,0.082417,0.103593,0.9974644084168468,0.177163,0.173163,0.18082,0.9936781382117035
targeted,mixed,32,1,filtered,filteredstr,7,0.090004,0.07523,0.101649,1.009644015821519,0.048007,0.042651,0.109587,3.6670277251234196
targeted,mixed,32,1,filtered,cachedfixed,7,0.092195,0.086379,0.127472,0.9856499810184933,0.17662,0.17122,0.184536,0.9967330993092516
targeted,mixed,32,1,filtered,control,7,0.090872,0.085406,0.203164,1.0,0.176043,0.172474,0.182894,1.0
targeted,mixed,32,0,identity,numericunroll,7,0.07692,0.055907,0.09258,1.2616354654186168,0.051107,0.050097,0.05714,1.0072201459682626
targeted,mixed,32,0,identity,filteredstr,7,0.076464,0.071798,0.10734,1.269159342958778,0.051156,0.04816,0.053568,1.0062553757135038
targeted,mixed,32,0,identity,cachedfixed,7,0.081294,0.072801,0.094246,1.1937535365463625,0.051478,0.049734,0.058513,0.9999611484517658
targeted,mixed,32,0,identity,control,7,0.097045,0.086771,0.10639,1.0,0.051476,0.048543,0.056286,1.0
targeted,mixed,32,0,scattered,numericunroll,7,0.078428,0.054926,0.097043,1.1544728923343703,0.073164,0.069049,0.079373,0.9982915094855394
targeted,mixed,32,0,scattered,filteredstr,7,0.083824,0.073344,0.097828,1.0801560412292424,0.073002,0.069274,0.080939,1.0005068354291664
targeted,mixed,32,0,scattered,cachedfixed,7,0.076889,0.054899,0.098936,1.1775806682360286,0.072116,0.068122,0.076256,1.012798824116701
targeted,mixed,32,0,scattered,control,7,0.090543,0.077311,0.096362,1.0,0.073039,0.068677,0.076965,1.0
targeted,mixed,32,0,filtered,numericunroll,7,0.088539,0.085442,0.09541,1.0508815324320355,0.173243,0.170251,0.174855,0.9966290124276306
targeted,mixed,32,0,filtered,filteredstr,7,0.088332,0.074153,0.090027,1.0533442014219083,0.039864,0.038286,0.045371,4.331201083684528
targeted,mixed,32,0,filtered,cachedfixed,7,0.080246,0.072185,0.092,1.1594845849014281,0.171667,0.16945,0.176825,1.0057786295560593
targeted,mixed,32,0,filtered,control,7,0.093044,0.073395,0.094745,1.0,0.172659,0.170955,0.186238,1.0
tiled-big,mixed,32,1,identity,tiled,5,0.337145,0.298975,0.494378,3.837274763084133,0.27743,0.262126,0.419561,2.5705943841689796
tiled-big,mixed,32,1,identity,control,5,1.293718,1.206927,1.429055,1.0,0.71316,0.637913,0.789629,1.0
tiled-big,mixed,32,1,sorted,tiled,5,0.362291,0.305058,0.507291,3.4688827489504295,0.747588,0.669174,1.15963,1.6754268393821194
tiled-big,mixed,32,1,sorted,control,5,1.256745,0.998618,1.814772,1.0,1.252529,1.149774,1.457973,1.0
tiled-big,mixed,32,1,scattered,tiled,5,0.310062,0.30015,0.337304,3.374476717559714,0.537472,0.525323,0.578658,1.626925681709931
tiled-big,mixed,32,1,scattered,control,5,1.046297,1.032698,1.084202,1.0,0.874427,0.84711,0.96356,1.0
tiled-big,mixed,32,1,filtered,tiled,5,0.469205,0.389085,0.639463,2.2370499035602776,1.955167,1.825716,2.155406,0.9285902431863876
tiled-big,mixed,32,1,filtered,control,5,1.049635,1.045807,1.117706,1.0,1.815549,1.785514,1.946422,1.0
tiled-forty,mixed,32,1,identity,tiled,5,0.125097,0.12429,0.133115,3.5977681319296226,0.124381,0.122747,0.127884,1.625923573536151
tiled-forty,mixed,32,1,identity,control,5,0.45007,0.440916,0.488535,1.0,0.202234,0.198907,0.203256,1.0
tiled-forty,mixed,32,1,sorted,tiled,5,0.135439,0.12489,0.187366,3.4585237634654713,0.280659,0.263996,0.480727,1.4503792858949829
tiled-forty,mixed,32,1,sorted,control,5,0.468419,0.443994,0.559397,1.0,0.407062,0.389007,0.532706,1.0
tiled-forty,mixed,32,1,scattered,tiled,5,0.128565,0.122132,0.138338,3.7217827558044565,0.235435,0.226175,0.258627,1.2554760337248072
tiled-forty,mixed,32,1,scattered,control,5,0.478491,0.467985,0.493891,1.0,0.295583,0.283406,0.363362,1.0
tiled-forty,mixed,32,1,filtered,tiled,5,0.120229,0.116446,0.153419,2.7809679860932053,0.72005,0.713463,0.751593,0.9896090549267412
tiled-forty,mixed,32,1,filtered,control,5,0.334353,0.330776,0.362891,1.0,0.712568,0.708217,0.768801,1.0
tiled-four,strings,64,1,identity,tiled,5,0.017074,0.015932,0.019477,1.809944945531217,0.019928,0.019094,0.021392,1.6063327980730628
tiled-four,strings,64,1,identity,control,5,0.030903,0.030491,0.039223,1.0,0.032011,0.031069,0.036849,1.0
tiled-four,strings,64,1,sorted,tiled,5,0.018569,0.016067,0.028023,1.686035866228661,0.036228,0.029625,0.052424,1.400850171138346
tiled-four,strings,64,1,sorted,control,5,0.031308,0.029828,0.044543,1.0,0.05075,0.045323,0.067622,1.0
tiled-four,strings,64,1,scattered,tiled,5,0.016302,0.014689,0.016521,2.04919641761747,0.034968,0.032963,0.036274,1.759637382749943
tiled-four,strings,64,1,scattered,control,5,0.033406,0.030815,0.04137,1.0,0.061531,0.049259,0.076742,1.0
tiled-four,strings,64,1,filtered,tiled,5,0.032494,0.030277,0.03278,1.3818243368006402,0.088368,0.087205,0.088383,0.9939118232844469
tiled-four,strings,64,1,filtered,control,5,0.044901,0.044557,0.045459,1.0,0.08783,0.087609,0.089958,1.0
tiled-four,strings,244,1,identity,tiled,5,0.04523,0.042078,0.046492,2.193809418527526,0.07011,0.06654,0.07301,1.6060333761232348
tiled-four,strings,244,1,identity,control,5,0.099226,0.093504,0.122227,1.0,0.112599,0.112263,0.113921,1.0
tiled-four,strings,244,1,sorted,tiled,5,0.041898,0.040036,0.061536,3.13917132082677,0.116317,0.108559,0.154128,1.4306163329521908
tiled-four,strings,244,1,sorted,control,5,0.131525,0.124828,0.152597,1.0,0.166405,0.16231,0.251479,1.0
tiled-four,strings,244,1,scattered,tiled,5,0.043224,0.040894,0.063883,2.601540810660744,0.120495,0.116661,0.15358,1.6666085729698328
tiled-four,strings,244,1,scattered,control,5,0.112449,0.094323,0.125857,1.0,0.200818,0.19151,0.20474,1.0
tiled-four,strings,244,1,filtered,tiled,5,0.05221,0.047683,0.053639,1.8702164336334035,0.365543,0.358758,0.369365,1.0884136749985638
tiled-four,strings,244,1,filtered,control,5,0.097644,0.095072,0.109451,1.0,0.397862,0.382117,0.41316,1.0
tiled-mixedwide,mixed,32,1,identity,tiled,5,0.030127,0.028574,0.030402,2.503800577555017,0.028444,0.027447,0.029256,1.8123330052032063
tiled-mixedwide,mixed,32,1,identity,control,5,0.075432,0.070605,0.085627,1.0,0.05155,0.050525,0.055413,1.0
tiled-mixedwide,mixed,32,1,sorted,tiled,5,0.036774,0.031752,0.042975,2.8217490618371674,0.071437,0.061082,0.085778,1.4699945406442039
tiled-mixedwide,mixed,32,1,sorted,control,5,0.103767,0.060785,0.115873,1.0,0.105012,0.094709,0.120094,1.0
tiled-mixedwide,mixed,32,1,scattered,tiled,5,0.033836,0.029584,0.037554,2.2987055207471334,0.052653,0.050994,0.057648,1.4618160408713654
tiled-mixedwide,mixed,32,1,scattered,control,5,0.077779,0.057012,0.112954,1.0,0.076969,0.072987,0.08098,1.0
tiled-mixedwide,mixed,32,1,filtered,tiled,5,0.043873,0.037591,0.044211,1.9777083855674331,0.173935,0.173181,0.175417,0.9963607094604306
tiled-mixedwide,mixed,32,1,filtered,control,5,0.086768,0.077099,0.091714,1.0,0.173302,0.170406,0.1744,1.0
tiled-mixedwide,mixed,64,1,identity,tiled,5,0.04312,0.039622,0.044474,3.245987940630798,0.039283,0.036761,0.04292,2.361657714533004
tiled-mixedwide,mixed,64,1,identity,control,5,0.139967,0.139238,0.145393,1.0,0.092773,0.092612,0.094466,1.0
tiled-mixedwide,mixed,64,1,sorted,tiled,5,0.043469,0.038378,0.052988,3.1826589063470516,0.080072,0.073601,0.087297,1.7423818563293036
tiled-mixedwide,mixed,64,1,sorted,control,5,0.138347,0.121288,0.139458,1.0,0.139516,0.139104,0.143965,1.0
tiled-mixedwide,mixed,64,1,scattered,tiled,5,0.04227,0.039737,0.046996,3.2835817364561155,0.092208,0.090876,0.095133,1.3862354676383828
tiled-mixedwide,mixed,64,1,scattered,control,5,0.138797,0.128838,0.141302,1.0,0.127822,0.1266,0.132536,1.0
tiled-mixedwide,mixed,64,1,filtered,tiled,5,0.049798,0.045763,0.05272,2.4012610948230853,0.308757,0.307773,0.312337,1.0001748948201985
tiled-mixedwide,mixed,64,1,filtered,control,5,0.119578,0.117776,0.127945,1.0,0.308811,0.306631,0.309793,1.0
tiled-mixedwide,mixed,244,1,identity,tiled,5,0.105832,0.103285,0.114884,3.0822246579484465,0.178538,0.175536,0.182797,1.875835956491055
tiled-mixedwide,mixed,244,1,identity,control,5,0.326198,0.319999,0.346846,1.0,0.334908,0.331414,0.340242,1.0
tiled-mixedwide,mixed,244,1,sorted,tiled,5,0.107666,0.103271,0.181345,3.214468820240373,0.284175,0.273605,0.32389,1.6446485440309668
tiled-mixedwide,mixed,244,1,sorted,control,5,0.346089,0.33036,0.385964,1.0,0.467368,0.466786,0.526651,1.0
tiled-mixedwide,mixed,244,1,scattered,tiled,5,0.104099,0.102812,0.106481,3.067147619093363,0.268909,0.268452,0.272441,1.5850529361233725
tiled-mixedwide,mixed,244,1,scattered,control,5,0.319287,0.318171,0.321007,1.0,0.426235,0.410934,0.433301,1.0
tiled-mixedwide,mixed,244,1,filtered,tiled,5,0.093343,0.091959,0.09553,2.4700941688182296,1.134426,1.132137,1.139398,0.9985631499983251
tiled-mixedwide,mixed,244,1,filtered,control,5,0.230566,0.229074,0.248089,1.0,1.132796,1.132599,1.134296,1.0
tiled-serial,mixed,32,1,identity,tiled,5,0.184784,0.183323,0.204097,3.210185946835224,0.197669,0.193623,0.241732,1.4361634854226004
tiled-serial,mixed,32,1,identity,control,5,0.593191,0.582839,0.649984,1.0,0.283885,0.277742,0.291256,1.0
tiled-serial,mixed,32,1,sorted,tiled,5,0.190383,0.186096,0.239392,3.1593682209020764,0.429119,0.41895,0.649769,1.2574227661790784
tiled-serial,mixed,32,1,sorted,control,5,0.60149,0.575702,0.707316,1.0,0.539584,0.492277,0.55466,1.0
tiled-serial,mixed,32,1,scattered,tiled,5,0.186096,0.183032,0.1889,3.075208494540452,0.252303,0.250348,0.369626,1.597824837596065
tiled-serial,mixed,32,1,scattered,control,5,0.572284,0.565616,0.592978,1.0,0.403136,0.348818,0.457053,1.0
tiled-serial,mixed,32,1,filtered,tiled,5,0.150598,0.148952,0.166709,3.1074516261836145,0.200374,0.197565,0.203526,1.0022757443580506
tiled-serial,mixed,32,1,filtered,control,5,0.467976,0.46605,0.473604,1.0,0.20083,0.198736,0.231545,1.0
tiled-strings,strings,32,1,identity,tiled,5,0.04839,0.046666,0.048955,2.965116759661087,0.044156,0.04356,0.04638,1.7016034061056253
tiled-strings,strings,32,1,identity,control,5,0.143482,0.143327,0.144452,1.0,0.075136,0.074965,0.075269,1.0
tiled-strings,strings,32,1,sorted,tiled,5,0.048546,0.047019,0.058271,2.968298109010011,0.110591,0.099298,0.115091,1.2268900724290404
tiled-strings,strings,32,1,sorted,control,5,0.144099,0.143958,0.148412,1.0,0.135683,0.13537,0.152925,1.0
tiled-strings,strings,32,1,scattered,tiled,5,0.050001,0.049385,0.051779,2.894202115957681,0.101762,0.094702,0.104326,1.0912030030856312
tiled-strings,strings,32,1,scattered,control,5,0.144713,0.143585,0.146206,1.0,0.111043,0.110481,0.120753,1.0
tiled-strings,strings,32,1,filtered,tiled,5,0.052871,0.052245,0.056423,2.3152389778895803,0.33195,0.329956,0.332421,0.9946226841391774
tiled-strings,strings,32,1,filtered,control,5,0.122409,0.122066,0.122657,1.0,0.330165,0.3292,0.332049,1.0
tiled-strings,strings,244,1,identity,tiled,5,0.20382,0.202231,0.214674,2.3718918653714063,0.336401,0.33271,0.344391,1.4738243941010878
tiled-strings,strings,244,1,identity,control,5,0.483439,0.479706,0.50893,1.0,0.495796,0.49558,0.496079,1.0
tiled-strings,strings,244,1,sorted,tiled,5,0.208502,0.205465,0.226047,2.463458384092239,0.583484,0.574628,0.643848,1.235458041694374
tiled-strings,strings,244,1,sorted,control,5,0.513636,0.501849,0.535682,1.0,0.72087,0.719068,0.756206,1.0
tiled-strings,strings,244,1,scattered,tiled,5,0.219244,0.203032,0.264398,2.183457700096696,0.546769,0.53887,0.599171,1.2074550678622966
tiled-strings,strings,244,1,scattered,control,5,0.47871,0.47816,0.508963,1.0,0.660199,0.639691,0.701108,1.0
tiled-strings,strings,244,1,filtered,tiled,5,0.175752,0.168145,0.261093,2.074662023760754,2.295168,2.277624,2.39555,1.0048959379008422
tiled-strings,strings,244,1,filtered,control,5,0.364626,0.352898,0.429173,1.0,2.306405,2.281454,2.318722,1.0
tiled-twelve,mixed,32,1,identity,tiled,5,0.029679,0.028827,0.031985,2.7037299100374,0.029521,0.028318,0.031168,1.4990345855492702
tiled-twelve,mixed,32,1,identity,control,5,0.080244,0.078011,0.08844,1.0,0.044253,0.041064,0.045882,1.0
tiled-twelve,mixed,32,1,sorted,tiled,5,0.029621,0.029342,0.032204,2.741399682657574,0.060239,0.057656,0.065741,1.34656949816564
tiled-twelve,mixed,32,1,sorted,control,5,0.081203,0.077027,0.086434,1.0,0.081116,0.077069,0.086855,1.0
tiled-twelve,mixed,32,1,scattered,tiled,5,0.03141,0.029222,0.032026,2.6085323145495067,0.052217,0.048666,0.05524,1.2542658521171266
tiled-twelve,mixed,32,1,scattered,control,5,0.081934,0.07933,0.088503,1.0,0.065494,0.060911,0.105303,1.0
tiled-twelve,mixed,32,1,filtered,tiled,5,0.040646,0.038867,0.041614,2.0910298676376518,0.176174,0.175478,0.177317,1.009553055501947
tiled-twelve,mixed,32,1,filtered,control,5,0.084992,0.079361,0.087959,1.0,0.177857,0.175635,0.178599,1.0
fewrows-2,numeric,8,1,identity,fewrows,5,0.001704,0.001666,0.001852,2.0481220657276995,0.001332,0.001293,0.001394,2.623873873873874
fewrows-2,numeric,8,1,identity,control,5,0.00349,0.00344,0.003511,1.0,0.003495,0.00336,0.003525,1.0
fewrows-2,numeric,8,1,sorted,fewrows,5,0.001926,0.001702,0.005041,1.9132917964693665,0.002947,0.002586,0.006715,2.160162877502545
fewrows-2,numeric,8,1,sorted,control,5,0.003685,0.003617,0.004119,1.0,0.006366,0.005986,0.007035,1.0
fewrows-2,numeric,8,1,filtered,fewrows,5,0.019031,0.018838,0.019481,1.0745100099837108,0.001473,0.001351,0.00181,0.9613034623217923
fewrows-2,numeric,8,1,filtered,control,5,0.020449,0.02018,0.02086,1.0,0.001416,0.001364,0.001464,1.0
fewrows-2,numeric,8,0,identity,fewrows,5,0.001713,0.001678,0.0018,2.052539404553415,0.001351,0.001233,0.001541,2.616580310880829
fewrows-2,numeric,8,0,identity,control,5,0.003516,0.003445,0.003531,1.0,0.003535,0.003488,0.003578,1.0
fewrows-2,numeric,8,0,sorted,fewrows,5,0.001678,0.001598,0.001696,2.0786650774731825,0.00248,0.002369,0.00264,2.3891129032258065
fewrows-2,numeric,8,0,sorted,control,5,0.003488,0.003448,0.003511,1.0,0.005925,0.005734,0.006344,1.0
fewrows-2,numeric,8,0,filtered,fewrows,5,0.018913,0.018691,0.038772,1.0721725797070798,0.001349,0.001334,0.005136,1.0852483320978503
fewrows-2,numeric,8,0,filtered,control,5,0.020278,0.019958,0.07273,1.0,0.001464,0.001394,0.008502,1.0
fewrows-2,mixed,8,1,identity,fewrows,5,0.002839,0.002613,0.002917,3.3761887988728425,0.002154,0.002077,0.002229,4.972144846796658
fewrows-2,mixed,8,1,identity,control,5,0.009585,0.009227,0.009907,1.0,0.01071,0.010004,0.011229,1.0
fewrows-2,mixed,8,1,sorted,fewrows,5,0.002829,0.002794,0.002994,3.552492046659597,0.004613,0.004371,0.00498,4.356167353132451
fewrows-2,mixed,8,1,sorted,control,5,0.01005,0.009434,0.011123,1.0,0.020095,0.019748,0.020982,1.0
fewrows-2,mixed,8,1,filtered,fewrows,5,0.019599,0.019461,0.019773,1.2251645492116945,0.001977,0.001924,0.001983,0.9615579160343954
fewrows-2,mixed,8,1,filtered,control,5,0.024012,0.023466,0.024622,1.0,0.001901,0.001802,0.001977,1.0
fewrows-2,mixed,8,0,identity,fewrows,5,0.002801,0.002767,0.002888,3.3048911103177434,0.002103,0.00208,0.002192,3.3680456490727533
fewrows-2,mixed,8,0,identity,control,5,0.009257,0.00912,0.010229,1.0,0.007083,0.006949,0.007279,1.0
fewrows-2,mixed,8,0,sorted,fewrows,5,0.002852,0.002804,0.002958,3.2566619915848527,0.004553,0.003967,0.004835,3.408741489128048
fewrows-2,mixed,8,0,sorted,control,5,0.009288,0.009148,0.010132,1.0,0.01552,0.013308,0.016691,1.0
fewrows-2,mixed,8,0,filtered,fewrows,5,0.020071,0.019498,0.020131,1.2455781973992328,0.001935,0.001929,0.001955,1.0160206718346252
fewrows-2,mixed,8,0,filtered,control,5,0.025,0.024099,0.025175,1.0,0.001966,0.001936,0.001997,1.0
fewrows-2,mixed,244,1,identity,fewrows,5,0.011253,0.010771,0.011302,3.144939127343819,0.016871,0.016148,0.017261,5.557287653369687
fewrows-2,mixed,244,1,identity,control,5,0.03539,0.034844,0.035581,1.0,0.093757,0.093304,0.094706,1.0
fewrows-2,mixed,244,1,sorted,fewrows,5,0.011074,0.010767,0.011335,3.232887845403648,0.035141,0.033943,0.036647,4.29563757434336
fewrows-2,mixed,244,1,sorted,control,5,0.035801,0.035171,0.035909,1.0,0.150953,0.150279,0.151157,1.0
fewrows-2,mixed,244,1,filtered,fewrows,5,0.026804,0.02649,0.026909,1.6715042530965527,0.012487,0.0115,0.012967,0.9950348362296789
fewrows-2,mixed,244,1,filtered,control,5,0.044803,0.044526,0.045228,1.0,0.012425,0.010908,0.012978,1.0
fewrows-2,mixed,244,0,identity,fewrows,5,0.01477,0.014045,0.018248,3.385781990521327,0.017097,0.01623,0.017775,5.266713458501491
fewrows-2,mixed,244,0,identity,control,5,0.050008,0.045398,0.053533,1.0,0.090045,0.089699,0.090311,1.0
fewrows-2,mixed,244,0,sorted,fewrows,5,0.013922,0.012007,0.017772,3.2753196379830483,0.032591,0.032533,0.036782,6.152526771194501
fewrows-2,mixed,244,0,sorted,control,5,0.045599,0.045225,0.046066,1.0,0.200517,0.198486,0.20425,1.0
fewrows-2,mixed,244,0,filtered,fewrows,5,0.028152,0.027742,0.029046,1.8411480534242683,0.011824,0.0117,0.012589,1.076962110960758
fewrows-2,mixed,244,0,filtered,control,5,0.051832,0.05101,0.051873,1.0,0.012734,0.011821,0.013642,1.0
fewrows-2,strings,8,1,identity,fewrows,5,0.012577,0.01188,0.012762,2.2662797169436275,0.003701,0.003365,0.00378,3.420697108889489
fewrows-2,strings,8,1,identity,control,5,0.028503,0.028304,0.028786,1.0,0.01266,0.012624,0.012689,1.0
fewrows-2,strings,8,1,sorted,fewrows,5,0.012909,0.012171,0.013193,2.2131071345572857,0.00952,0.009109,0.010334,2.6978991596638653
fewrows-2,strings,8,1,sorted,control,5,0.028569,0.028531,0.028624,1.0,0.025684,0.025138,0.026332,1.0
fewrows-2,strings,8,1,filtered,fewrows,5,0.030398,0.028947,0.03093,1.394828607145207,0.003859,0.003699,0.003986,1.009587976159627
fewrows-2,strings,8,1,filtered,control,5,0.0424,0.042156,0.042802,1.0,0.003896,0.003743,0.004094,1.0
fewrows-2,strings,8,0,identity,fewrows,5,0.012746,0.012079,0.012831,2.2717715361682096,0.00365,0.003645,0.003692,3.1964383561643834
fewrows-2,strings,8,0,identity,control,5,0.028956,0.028483,0.029784,1.0,0.011667,0.011643,0.01186,1.0
fewrows-2,strings,8,0,sorted,fewrows,5,0.012369,0.012114,0.012659,2.3391543374565447,0.009882,0.009301,0.01,2.273426431896377
fewrows-2,strings,8,0,sorted,control,5,0.028933,0.028404,0.030034,1.0,0.022466,0.021431,0.023563,1.0
fewrows-2,strings,8,0,filtered,fewrows,5,0.028932,0.028323,0.029934,1.4723835199778792,0.003564,0.003446,0.00386,1.054433221099888
fewrows-2,strings,8,0,filtered,control,5,0.042599,0.041838,0.044169,1.0,0.003758,0.003642,0.003916,1.0
fewrows-2,strings,244,1,identity,fewrows,5,0.018451,0.017494,0.019631,2.044387838057558,0.027431,0.027132,0.031936,3.409427290292005
fewrows-2,strings,244,1,identity,control,5,0.037721,0.037202,0.038043,1.0,0.093524,0.092961,0.094977,1.0
fewrows-2,strings,244,1,sorted,fewrows,5,0.018429,0.016752,0.018821,2.0488903358836614,0.069459,0.065532,0.073621,2.170028362055313
fewrows-2,strings,244,1,sorted,control,5,0.037759,0.036997,0.038465,1.0,0.150728,0.149386,0.151152,1.0
fewrows-2,strings,244,1,filtered,fewrows,5,0.033327,0.033028,0.033867,1.4493953851231733,0.022735,0.022045,0.024316,1.0097646800087972
fewrows-2,strings,244,1,filtered,control,5,0.048304,0.047871,0.048444,1.0,0.022957,0.022061,0.024155,1.0
fewrows-2,strings,244,0,identity,fewrows,5,0.023008,0.022665,0.087346,2.19202016689847,0.032917,0.028237,0.039986,2.7399520004860705
fewrows-2,strings,244,0,identity,control,5,0.050434,0.049637,0.0537,1.0,0.090191,0.088782,0.091065,1.0
fewrows-2,strings,244,0,sorted,fewrows,5,0.02409,0.022192,0.025506,2.3419676214196765,0.070406,0.05812,0.08207,2.8701531119506862
fewrows-2,strings,244,0,sorted,control,5,0.056418,0.049403,0.064676,1.0,0.202076,0.201049,0.209916,1.0
fewrows-2,strings,244,0,filtered,fewrows,5,0.034576,0.034291,0.035412,1.6072130957889865,0.023682,0.020771,0.024855,1.0462798750105566
fewrows-2,strings,244,0,filtered,control,5,0.055571,0.055089,0.058167,1.0,0.024778,0.023286,0.025065,1.0
fewrows-3,numeric,8,1,identity,fewrows,5,0.002513,0.002471,0.002588,1.3903700756068444,0.001968,0.001909,0.002289,1.684451219512195
fewrows-3,numeric,8,1,identity,control,5,0.003494,0.003455,0.003536,1.0,0.003315,0.003303,0.003373,1.0
fewrows-3,numeric,8,1,sorted,fewrows,5,0.002586,0.00247,0.002821,1.45630317092034,0.003866,0.00373,0.004302,1.5869115364718054
fewrows-3,numeric,8,1,sorted,control,5,0.003766,0.003518,0.004089,1.0,0.006135,0.006115,0.006733,1.0
fewrows-3,numeric,8,1,filtered,fewrows,5,0.019746,0.019617,0.02088,1.0433505520105337,0.002039,0.002028,0.00222,1.0044139283962725
fewrows-3,numeric,8,1,filtered,control,5,0.020602,0.020305,0.021066,1.0,0.002048,0.002029,0.00234,1.0
fewrows-3,numeric,8,0,identity,fewrows,5,0.002476,0.002453,0.002523,1.4345718901453959,0.001936,0.001908,0.00203,1.7102272727272727
fewrows-3,numeric,8,0,identity,control,5,0.003552,0.003538,0.003765,1.0,0.003311,0.003305,0.003352,1.0
fewrows-3,numeric,8,0,sorted,fewrows,5,0.002497,0.002386,0.00674,1.5042050460552663,0.003842,0.003773,0.00651,1.5830296720458095
fewrows-3,numeric,8,0,sorted,control,5,0.003756,0.003707,0.034791,1.0,0.006082,0.005978,0.009278,1.0
fewrows-3,numeric,8,0,filtered,fewrows,5,0.019693,0.019231,0.020183,1.0311278119128626,0.001992,0.001967,0.002097,1.019578313253012
fewrows-3,numeric,8,0,filtered,control,5,0.020306,0.020021,0.020557,1.0,0.002031,0.002014,0.002143,1.0
fewrows-3,mixed,8,1,identity,fewrows,5,0.003553,0.003493,0.003647,2.6453701097663944,0.002677,0.002341,0.002681,3.896525961897646
fewrows-3,mixed,8,1,identity,control,5,0.009399,0.009242,0.009927,1.0,0.010431,0.00996,0.010523,1.0
fewrows-3,mixed,8,1,sorted,fewrows,5,0.003681,0.003563,0.003975,2.6221135560988866,0.006268,0.005805,0.007401,3.1850670070197826
fewrows-3,mixed,8,1,sorted,control,5,0.009652,0.009261,0.010361,1.0,0.019964,0.019315,0.020547,1.0
fewrows-3,mixed,8,1,filtered,fewrows,5,0.0204,0.02011,0.0211,1.1955392156862745,0.002637,0.002567,0.002671,0.9848312476298824
fewrows-3,mixed,8,1,filtered,control,5,0.024389,0.024233,0.025189,1.0,0.002597,0.002593,0.002707,1.0
fewrows-3,mixed,8,0,identity,fewrows,5,0.003678,0.003488,0.004248,2.744426318651441,0.002725,0.00264,0.0031,2.7702752293577984
fewrows-3,mixed,8,0,identity,control,5,0.010094,0.009113,0.010333,1.0,0.007549,0.007039,0.008712,1.0
fewrows-3,mixed,8,0,sorted,fewrows,5,0.004741,0.00372,0.005062,2.1584053997047037,0.007461,0.005818,0.009404,2.8691864361345663
fewrows-3,mixed,8,0,sorted,control,5,0.010233,0.00927,0.010386,1.0,0.021407,0.01871,0.023401,1.0
fewrows-3,mixed,8,0,filtered,fewrows,5,0.020308,0.020107,0.020524,1.1921902698443962,0.002614,0.002574,0.002693,0.9912012241775058
fewrows-3,mixed,8,0,filtered,control,5,0.024211,0.023835,0.024701,1.0,0.002591,0.002512,0.002643,1.0
fewrows-3,mixed,244,1,identity,fewrows,5,0.015823,0.015504,0.016547,2.28882007204702,0.017694,0.017341,0.019392,5.360913303944839
fewrows-3,mixed,244,1,identity,control,5,0.036216,0.035815,0.036894,1.0,0.094856,0.094186,0.094953,1.0
fewrows-3,mixed,244,1,sorted,fewrows,5,0.015205,0.014814,0.015571,2.350739888194673,0.036391,0.03234,0.037188,3.936110576790965
fewrows-3,mixed,244,1,sorted,control,5,0.035743,0.035671,0.035831,1.0,0.143239,0.136803,0.152268,1.0
fewrows-3,mixed,244,1,filtered,fewrows,5,0.030742,0.029514,0.031118,1.45293084379676,0.014665,0.01429,0.015266,0.9694510739856803
fewrows-3,mixed,244,1,filtered,control,5,0.044666,0.044244,0.044928,1.0,0.014217,0.013225,0.015843,1.0
fewrows-3,mixed,244,0,identity,fewrows,5,0.019039,0.018103,0.021525,2.492725458269867,0.017883,0.015724,0.019574,5.053346753900352
fewrows-3,mixed,244,0,identity,control,5,0.047459,0.045662,0.05214,1.0,0.090369,0.090032,0.094006,1.0
fewrows-3,mixed,244,0,sorted,fewrows,5,0.017665,0.016579,0.018219,2.5882819133880552,0.035774,0.033784,0.039727,6.008665511265165
fewrows-3,mixed,244,0,sorted,control,5,0.045722,0.044522,0.047299,1.0,0.214954,0.192109,0.311551,1.0
fewrows-3,mixed,244,0,filtered,fewrows,5,0.031701,0.030891,0.031957,1.6463833948455886,0.014535,0.013373,0.014697,1.0224974200206398
fewrows-3,mixed,244,0,filtered,control,5,0.052192,0.051663,0.052422,1.0,0.014862,0.014504,0.015143,1.0
fewrows-3,strings,8,1,identity,fewrows,5,0.0193,0.015402,0.021619,1.5543523316062176,0.005226,0.004679,0.005328,2.477994642173747
fewrows-3,strings,8,1,identity,control,5,0.029999,0.029825,0.030352,1.0,0.01295,0.01291,0.013083,1.0
fewrows-3,strings,8,1,sorted,fewrows,5,0.018369,0.017087,0.019516,1.6194675812510209,0.016541,0.014494,0.016981,1.6700320415936158
fewrows-3,strings,8,1,sorted,control,5,0.029748,0.029571,0.030343,1.0,0.027624,0.02627,0.028454,1.0
fewrows-3,strings,8,1,filtered,fewrows,5,0.041623,0.036656,0.066264,1.0363741200778416,0.00597,0.005623,0.016181,0.9460636515912899
fewrows-3,strings,8,1,filtered,control,5,0.043137,0.042897,0.07888,1.0,0.005648,0.005442,0.014983,1.0
fewrows-3,strings,8,0,identity,fewrows,5,0.019313,0.018815,0.020202,1.5602443949671205,0.005126,0.005073,0.005221,2.33593445181428
fewrows-3,strings,8,0,identity,control,5,0.030133,0.02955,0.030274,1.0,0.011974,0.011889,0.012048,1.0
fewrows-3,strings,8,0,sorted,fewrows,5,0.01849,0.01822,0.018714,1.5989724175229856,0.014448,0.013117,0.016504,1.8320874861572536
fewrows-3,strings,8,0,sorted,control,5,0.029565,0.029192,0.029776,1.0,0.02647,0.024871,0.027484,1.0
fewrows-3,strings,8,0,filtered,fewrows,5,0.034291,0.03347,0.035142,1.2429792073721968,0.005505,0.005347,0.005702,1.025068119891008
fewrows-3,strings,8,0,filtered,control,5,0.042623,0.041951,0.042948,1.0,0.005643,0.005489,0.005684,1.0
fewrows-3,strings,244,1,identity,fewrows,5,0.052865,0.050706,0.054531,1.5502506384186134,0.047133,0.044498,0.048075,2.2334882142023633
fewrows-3,strings,244,1,identity,control,5,0.081954,0.081585,0.082191,1.0,0.105271,0.10457,0.105621,1.0
fewrows-3,strings,244,1,sorted,fewrows,5,0.051556,0.050598,0.056777,1.5674800217239506,0.125109,0.121877,0.156007,1.284959515302656
fewrows-3,strings,244,1,sorted,control,5,0.080813,0.080382,0.082422,1.0,0.16076,0.155996,0.164514,1.0
fewrows-3,strings,244,1,filtered,fewrows,5,0.063059,0.062206,0.066165,1.4395090312247258,0.050199,0.045412,0.05174,0.9658160521125918
fewrows-3,strings,244,1,filtered,control,5,0.090774,0.089781,0.092015,1.0,0.048483,0.047407,0.053667,1.0
fewrows-3,strings,244,0,identity,fewrows,5,0.057219,0.055666,0.05877,1.610950907915203,0.04636,0.045971,0.048676,2.251898188093184
fewrows-3,strings,244,0,identity,control,5,0.092177,0.090184,0.101022,1.0,0.104398,0.103123,0.106198,1.0
fewrows-3,strings,244,0,sorted,fewrows,5,0.058142,0.055937,0.062496,1.6147191359086375,0.109464,0.106219,0.112465,1.8519330556164584
fewrows-3,strings,244,0,sorted,control,5,0.093883,0.090888,0.104779,1.0,0.20272,0.197132,0.234204,1.0
fewrows-3,strings,244,0,filtered,fewrows,5,0.064326,0.062781,0.12862,1.5272829027142991,0.05218,0.045185,0.064663,0.9491184361824454
fewrows-3,strings,244,0,filtered,control,5,0.098244,0.094719,0.102672,1.0,0.049525,0.048379,0.049913,1.0
fewrows-4,numeric,8,1,identity,fewrows,5,0.003861,0.003739,0.004244,0.9803159803159804,0.003007,0.002616,0.003646,1.2045227801795808
fewrows-4,numeric,8,1,identity,control,5,0.003785,0.003754,0.024011,1.0,0.003622,0.003489,0.004822,1.0
fewrows-4,numeric,8,1,sorted,fewrows,5,0.004096,0.003245,0.006476,0.9770507812500001,0.005579,0.005048,0.008198,1.409392364222979
fewrows-4,numeric,8,1,sorted,control,5,0.004002,0.00373,0.004795,1.0,0.007863,0.006625,0.010284,1.0
fewrows-4,numeric,8,1,filtered,fewrows,5,0.020431,0.020196,0.020686,1.0066565513190737,0.002859,0.002712,0.00308,1.0167890870933893
fewrows-4,numeric,8,1,filtered,control,5,0.020567,0.019927,0.020963,1.0,0.002907,0.002843,0.002925,1.0
fewrows-4,numeric,8,0,identity,fewrows,5,0.003392,0.003263,0.003431,1.0518867924528301,0.002568,0.002518,0.002861,1.317367601246106
fewrows-4,numeric,8,0,identity,control,5,0.003568,0.003497,0.003723,1.0,0.003383,0.003293,0.003518,1.0
fewrows-4,numeric,8,0,sorted,fewrows,5,0.003342,0.003276,0.00352,1.1199880311190904,0.005122,0.004946,0.005255,1.2253026161655605
fewrows-4,numeric,8,0,sorted,control,5,0.003743,0.003508,0.003841,1.0,0.006276,0.006115,0.006462,1.0
fewrows-4,numeric,8,0,filtered,fewrows,5,0.020295,0.020079,0.021239,1.0140428677014044,0.003037,0.002787,0.004368,0.9950609153770167
fewrows-4,numeric,8,0,filtered,control,5,0.02058,0.020195,0.022097,1.0,0.003022,0.002705,0.004359,1.0
fewrows-4,mixed,8,1,identity,fewrows,5,0.005576,0.005437,0.005647,1.8145624103299856,0.004175,0.004134,0.004302,2.5707784431137726
fewrows-4,mixed,8,1,identity,control,5,0.010118,0.009244,0.010338,1.0,0.010733,0.010496,0.010865,1.0
fewrows-4,mixed,8,1,sorted,fewrows,5,0.005759,0.005536,0.007104,1.7157492620246568,0.013111,0.011231,0.014244,1.7160399664403938
fewrows-4,mixed,8,1,sorted,control,5,0.009881,0.009467,0.0104,1.0,0.022499,0.022058,0.023188,1.0
fewrows-4,mixed,8,1,filtered,fewrows,5,0.021925,0.021439,0.022491,1.1237856328392246,0.003911,0.003864,0.003994,1.0030682689849144
fewrows-4,mixed,8,1,filtered,control,5,0.024639,0.024072,0.024769,1.0,0.003923,0.003887,0.003959,1.0
fewrows-4,mixed,8,0,identity,fewrows,5,0.005947,0.005541,0.006066,2.4523289053304187,0.004327,0.004105,0.005061,1.6831522995146753
fewrows-4,mixed,8,0,identity,control,5,0.014584,0.013356,0.015699,1.0,0.007283,0.00711,0.007972,1.0
fewrows-4,mixed,8,0,sorted,fewrows,5,0.005656,0.005479,0.005679,2.4041725601131545,0.010923,0.010582,0.012451,2.1567334981232262
fewrows-4,mixed,8,0,sorted,control,5,0.013598,0.012037,0.014885,1.0,0.023558,0.021912,0.024729,1.0
fewrows-4,mixed,8,0,filtered,fewrows,5,0.021624,0.021475,0.022129,1.1591749907510174,0.003992,0.003876,0.004132,1.001002004008016
fewrows-4,mixed,8,0,filtered,control,5,0.025066,0.024637,0.02614,1.0,0.003996,0.003826,0.004032,1.0
fewrows-4,mixed,244,1,identity,fewrows,5,0.018586,0.018012,0.021483,1.1060475626815884,0.031799,0.030685,0.034667,1.036007421617032
fewrows-4,mixed,244,1,identity,control,5,0.020557,0.018468,0.022518,1.0,0.032944,0.032396,0.034608,1.0
fewrows-4,mixed,244,1,sorted,fewrows,5,0.020647,0.018968,0.021553,0.9488545551411829,0.052029,0.049445,0.05541,1.0675392569528532
fewrows-4,mixed,244,1,sorted,control,5,0.019591,0.01898,0.020289,1.0,0.055543,0.048363,0.056974,1.0
fewrows-4,mixed,244,1,filtered,fewrows,5,0.035585,0.033362,0.036817,1.001264577771533,0.026802,0.026076,0.027026,0.9934706365196628
fewrows-4,mixed,244,1,filtered,control,5,0.03563,0.035339,0.036137,1.0,0.026627,0.02547,0.027034,1.0
fewrows-4,mixed,244,0,identity,fewrows,5,0.032414,0.028202,0.037596,1.6367310421422843,0.031311,0.029296,0.037535,2.8893040784388875
fewrows-4,mixed,244,0,identity,control,5,0.053053,0.050858,0.055841,1.0,0.090467,0.089358,0.091229,1.0
fewrows-4,mixed,244,0,sorted,fewrows,5,0.029884,0.028374,0.044971,1.7808860928925179,0.068888,0.067028,0.076357,2.775592265706654
fewrows-4,mixed,244,0,sorted,control,5,0.05322,0.051727,0.054842,1.0,0.191205,0.190259,0.201546,1.0
fewrows-4,mixed,244,0,filtered,fewrows,5,0.041097,0.03971,0.042802,1.3808550502469765,0.026817,0.02575,0.027868,0.9218779132639744
fewrows-4,mixed,244,0,filtered,control,5,0.056749,0.056225,0.060753,1.0,0.024722,0.024299,0.028896,1.0
fewrows-4,strings,8,1,identity,fewrows,5,0.038802,0.037594,0.038959,0.9828359362919438,0.006874,0.006398,0.007781,1.7045388420133838
fewrows-4,strings,8,1,identity,control,5,0.038136,0.037973,0.038284,1.0,0.011717,0.011618,0.012796,1.0
fewrows-4,strings,8,1,sorted,fewrows,5,0.041468,0.039177,0.041964,0.922590913475451,0.0251,0.022978,0.025377,1.1417131474103586
fewrows-4,strings,8,1,sorted,control,5,0.038258,0.038054,0.039298,1.0,0.028657,0.02769,0.094291,1.0
fewrows-4,strings,8,1,filtered,fewrows,5,0.04399,0.04378,0.044705,0.9905205728574676,0.007532,0.007223,0.008066,0.959506107275624
fewrows-4,strings,8,1,filtered,control,5,0.043573,0.043333,0.043779,1.0,0.007227,0.00689,0.007441,1.0
fewrows-4,strings,8,0,identity,fewrows,5,0.033302,0.029973,0.047251,1.452765599663684,0.005863,0.005505,0.010533,1.8655978168173288
fewrows-4,strings,8,0,identity,control,5,0.04838,0.047159,0.057188,1.0,0.010938,0.010836,0.015601,1.0
fewrows-4,strings,8,0,sorted,fewrows,5,0.03397,0.030768,0.034546,1.4249337650868412,0.020142,0.019965,0.024561,1.489623671929302
fewrows-4,strings,8,0,sorted,control,5,0.048405,0.047066,0.04865,1.0,0.030004,0.029847,0.033365,1.0
fewrows-4,strings,8,0,filtered,fewrows,5,0.042069,0.040863,0.092673,1.0426442273407972,0.006881,0.006746,0.007191,1.0206365353872984
fewrows-4,strings,8,0,filtered,control,5,0.043863,0.043448,0.044263,1.0,0.007023,0.006424,0.007956,1.0
fewrows-4,strings,244,1,identity,fewrows,5,0.042317,0.041956,0.045107,1.0174634307725028,0.069646,0.068333,0.071396,1.060534704074893
fewrows-4,strings,244,1,identity,control,5,0.043056,0.041197,0.044707,1.0,0.073862,0.070423,0.076358,1.0
fewrows-4,strings,244,1,sorted,fewrows,5,0.044365,0.041223,0.045673,0.9741688267778654,0.114326,0.111044,0.169893,0.985663803509263
fewrows-4,strings,244,1,sorted,control,5,0.043219,0.041656,0.048697,1.0,0.112687,0.111284,0.118101,1.0
fewrows-4,strings,244,1,filtered,fewrows,5,0.053487,0.050267,0.057163,0.9495204442200909,0.06583,0.064593,0.072488,1.002187452529242
fewrows-4,strings,244,1,filtered,control,5,0.050787,0.049612,0.052538,1.0,0.065974,0.061014,0.073215,1.0
fewrows-4,strings,244,0,identity,fewrows,5,0.086569,0.085059,0.092116,1.366204992549296,0.07229,0.071915,0.076994,1.5573384977175269
fewrows-4,strings,244,0,identity,control,5,0.118271,0.104126,0.119928,1.0,0.11258,0.110691,0.113447,1.0
fewrows-4,strings,244,0,sorted,fewrows,5,0.089275,0.085387,0.092241,1.3185662279473538,0.144587,0.137783,0.147921,1.4850228582099358
fewrows-4,strings,244,0,sorted,control,5,0.117715,0.114762,0.125478,1.0,0.214715,0.209551,0.221808,1.0
fewrows-4,strings,244,0,filtered,fewrows,5,0.08356,0.082435,0.085023,1.3205361416945907,0.068309,0.063948,0.069135,1.0026936421262207
fewrows-4,strings,244,0,filtered,control,5,0.110344,0.097832,0.113126,1.0,0.068493,0.065405,0.071149,1.0
