group,variant,shape,width,hints,mode,selected_rows,columns,threads,repetition,verify,load_seconds,store_seconds
numeric-repeat,baseline,numeric,8,1,identity,1000000,20,8,0,0,0.012998,0.011641
numeric-repeat,control,numeric,8,1,identity,1000000,20,8,0,0,0.010464,0.011545
numeric-repeat,candidate,numeric,8,1,identity,1000000,20,8,0,0,0.010204,0.011128
numeric-repeat,candidate,numeric,8,1,identity,1000000,20,8,1,0,0.010605,0.010935
numeric-repeat,control,numeric,8,1,identity,1000000,20,8,1,0,0.01091,0.010862
numeric-repeat,baseline,numeric,8,1,identity,1000000,20,8,1,0,0.011073,0.01164
numeric-repeat,baseline,numeric,8,1,identity,1000000,20,8,2,0,0.011082,0.011379
numeric-repeat,control,numeric,8,1,identity,1000000,20,8,2,0,0.011159,0.011482
numeric-repeat,candidate,numeric,8,1,identity,1000000,20,8,2,0,0.01062,0.011158
numeric-repeat,candidate,numeric,8,1,identity,1000000,20,8,3,0,0.011488,0.011013
numeric-repeat,control,numeric,8,1,identity,1000000,20,8,3,0,0.011744,0.011148
numeric-repeat,baseline,numeric,8,1,identity,1000000,20,8,3,0,0.015744,0.016293
numeric-repeat,baseline,numeric,8,1,identity,1000000,20,8,4,0,0.012975,0.011193
numeric-repeat,control,numeric,8,1,identity,1000000,20,8,4,0,0.012151,0.011972
numeric-repeat,candidate,numeric,8,1,identity,1000000,20,8,4,0,0.011378,0.011175
numeric-repeat,candidate,numeric,8,1,identity,1000000,20,8,5,0,0.01237,0.013449
numeric-repeat,control,numeric,8,1,identity,1000000,20,8,5,0,0.02149,0.01979
numeric-repeat,baseline,numeric,8,1,identity,1000000,20,8,5,0,0.013474,0.011538
numeric-repeat,baseline,numeric,8,1,identity,1000000,20,8,6,0,0.011382,0.012708
numeric-repeat,control,numeric,8,1,identity,1000000,20,8,6,0,0.010929,0.011148
numeric-repeat,candidate,numeric,8,1,identity,1000000,20,8,6,0,0.010647,0.011041
numeric-repeat,candidate,numeric,8,1,identity,1000000,20,8,7,0,0.010575,0.010651
numeric-repeat,control,numeric,8,1,identity,1000000,20,8,7,0,0.011311,0.011307
numeric-repeat,baseline,numeric,8,1,identity,1000000,20,8,7,0,0.011199,0.01139
numeric-repeat,baseline,numeric,8,1,identity,1000000,20,8,8,0,0.011225,0.011052
numeric-repeat,control,numeric,8,1,identity,1000000,20,8,8,0,0.01172,0.010979
numeric-repeat,candidate,numeric,8,1,identity,1000000,20,8,8,0,0.010475,0.011336
numeric-repeat,candidate,numeric,8,1,identity,1000000,20,8,9,0,0.010519,0.011223
numeric-repeat,control,numeric,8,1,identity,1000000,20,8,9,0,0.011357,0.011356
numeric-repeat,baseline,numeric,8,1,identity,1000000,20,8,9,0,0.011373,0.010908
numeric-repeat,baseline,numeric,8,1,identity,1000000,20,8,10,0,0.010847,0.011191
numeric-repeat,control,numeric,8,1,identity,1000000,20,8,10,0,0.011297,0.011107
numeric-repeat,candidate,numeric,8,1,identity,1000000,20,8,10,0,0.010973,0.010968
numeric-repeat,candidate,numeric,8,1,identity,1000000,20,8,11,0,0.010974,0.01106
numeric-repeat,control,numeric,8,1,identity,1000000,20,8,11,0,0.011491,0.011067
numeric-repeat,baseline,numeric,8,1,identity,1000000,20,8,11,0,0.011276,0.010938
numeric-repeat,baseline,numeric,8,1,identity,1000000,20,8,12,0,0.011776,0.011638
numeric-repeat,control,numeric,8,1,identity,1000000,20,8,12,0,0.012146,0.011157
numeric-repeat,candidate,numeric,8,1,identity,1000000,20,8,12,0,0.011482,0.01126
numeric-repeat,candidate,numeric,8,1,identity,1000000,20,8,13,0,0.011423,0.011959
numeric-repeat,control,numeric,8,1,identity,1000000,20,8,13,0,0.012039,0.011531
numeric-repeat,baseline,numeric,8,1,identity,1000000,20,8,13,0,0.011806,0.01104
numeric-repeat,baseline,numeric,8,1,identity,1000000,20,8,14,0,0.012295,0.01097
numeric-repeat,control,numeric,8,1,identity,1000000,20,8,14,0,0.011796,0.010979
numeric-repeat,candidate,numeric,8,1,identity,1000000,20,8,14,0,0.011047,0.010864
numeric-repeat,candidate,numeric,8,1,identity,1000000,20,8,15,0,0.010852,0.010547
numeric-repeat,control,numeric,8,1,identity,1000000,20,8,15,0,0.011799,0.01129
numeric-repeat,baseline,numeric,8,1,identity,1000000,20,8,15,0,0.011473,0.010889
numeric-repeat,baseline,numeric,8,1,identity,1000000,20,8,16,1,0.011663,0.012788
numeric-repeat,control,numeric,8,1,identity,1000000,20,8,16,1,0.010854,0.011346
numeric-repeat,candidate,numeric,8,1,identity,1000000,20,8,16,1,0.010277,0.010867
numeric-repeat,baseline,numeric,8,1,sorted,1000000,20,8,0,0,0.010995,0.020421
numeric-repeat,control,numeric,8,1,sorted,1000000,20,8,0,0,0.010869,0.021136
numeric-repeat,candidate,numeric,8,1,sorted,1000000,20,8,0,0,0.010476,0.022458
numeric-repeat,candidate,numeric,8,1,sorted,1000000,20,8,1,0,0.010438,0.021641
numeric-repeat,control,numeric,8,1,sorted,1000000,20,8,1,0,0.011271,0.022987
numeric-repeat,baseline,numeric,8,1,sorted,1000000,20,8,1,0,0.011416,0.022158
numeric-repeat,baseline,numeric,8,1,sorted,1000000,20,8,2,0,0.010961,0.019779
numeric-repeat,control,numeric,8,1,sorted,1000000,20,8,2,0,0.010979,0.01995
numeric-repeat,candidate,numeric,8,1,sorted,1000000,20,8,2,0,0.010409,0.020566
numeric-repeat,candidate,numeric,8,1,sorted,1000000,20,8,3,0,0.01033,0.020417
numeric-repeat,control,numeric,8,1,sorted,1000000,20,8,3,0,0.010907,0.021024
numeric-repeat,baseline,numeric,8,1,sorted,1000000,20,8,3,0,0.010979,0.021648
numeric-repeat,baseline,numeric,8,1,sorted,1000000,20,8,4,0,0.010986,0.020106
numeric-repeat,control,numeric,8,1,sorted,1000000,20,8,4,0,0.010768,0.020439
numeric-repeat,candidate,numeric,8,1,sorted,1000000,20,8,4,0,0.010753,0.020441
numeric-repeat,candidate,numeric,8,1,sorted,1000000,20,8,5,0,0.010352,0.01998
numeric-repeat,control,numeric,8,1,sorted,1000000,20,8,5,0,0.011027,0.019617
numeric-repeat,baseline,numeric,8,1,sorted,1000000,20,8,5,0,0.010678,0.019877
numeric-repeat,baseline,numeric,8,1,sorted,1000000,20,8,6,0,0.010675,0.019787
numeric-repeat,control,numeric,8,1,sorted,1000000,20,8,6,0,0.010737,0.019343
numeric-repeat,candidate,numeric,8,1,sorted,1000000,20,8,6,0,0.010416,0.019969
numeric-repeat,candidate,numeric,8,1,sorted,1000000,20,8,7,0,0.0103,0.019968
numeric-repeat,control,numeric,8,1,sorted,1000000,20,8,7,0,0.010703,0.019764
numeric-repeat,baseline,numeric,8,1,sorted,1000000,20,8,7,0,0.010779,0.020987
numeric-repeat,baseline,numeric,8,1,sorted,1000000,20,8,8,0,0.010979,0.019455
numeric-repeat,control,numeric,8,1,sorted,1000000,20,8,8,0,0.010875,0.020255
numeric-repeat,candidate,numeric,8,1,sorted,1000000,20,8,8,0,0.010285,0.019896
numeric-repeat,candidate,numeric,8,1,sorted,1000000,20,8,9,0,0.010381,0.019423
numeric-repeat,control,numeric,8,1,sorted,1000000,20,8,9,0,0.01094,0.020576
numeric-repeat,baseline,numeric,8,1,sorted,1000000,20,8,9,0,0.010753,0.01983
numeric-repeat,baseline,numeric,8,1,sorted,1000000,20,8,10,0,0.01101,0.021508
numeric-repeat,control,numeric,8,1,sorted,1000000,20,8,10,0,0.0109,0.020006
numeric-repeat,candidate,numeric,8,1,sorted,1000000,20,8,10,0,0.010504,0.020163
numeric-repeat,candidate,numeric,8,1,sorted,1000000,20,8,11,0,0.010274,0.019443
numeric-repeat,control,numeric,8,1,sorted,1000000,20,8,11,0,0.010912,0.024339
numeric-repeat,baseline,numeric,8,1,sorted,1000000,20,8,11,0,0.010917,0.022587
numeric-repeat,baseline,numeric,8,1,sorted,1000000,20,8,12,0,0.011383,0.021461
numeric-repeat,control,numeric,8,1,sorted,1000000,20,8,12,0,0.010906,0.020253
numeric-repeat,candidate,numeric,8,1,sorted,1000000,20,8,12,0,0.01049,0.019805
numeric-repeat,candidate,numeric,8,1,sorted,1000000,20,8,13,0,0.010503,0.020114
numeric-repeat,control,numeric,8,1,sorted,1000000,20,8,13,0,0.011067,0.020928
numeric-repeat,baseline,numeric,8,1,sorted,1000000,20,8,13,0,0.010965,0.020319
numeric-repeat,baseline,numeric,8,1,sorted,1000000,20,8,14,0,0.0111,0.020962
numeric-repeat,control,numeric,8,1,sorted,1000000,20,8,14,0,0.011053,0.023204
numeric-repeat,candidate,numeric,8,1,sorted,1000000,20,8,14,0,0.010771,0.022518
numeric-repeat,candidate,numeric,8,1,sorted,1000000,20,8,15,0,0.011241,0.021538
numeric-repeat,control,numeric,8,1,sorted,1000000,20,8,15,0,0.010988,0.022036
numeric-repeat,baseline,numeric,8,1,sorted,1000000,20,8,15,0,0.011461,0.021088
numeric-repeat,baseline,numeric,8,1,sorted,1000000,20,8,16,1,0.010975,0.020442
numeric-repeat,control,numeric,8,1,sorted,1000000,20,8,16,1,0.010887,0.02013
numeric-repeat,candidate,numeric,8,1,sorted,1000000,20,8,16,1,0.010429,0.020442
numeric-repeat,baseline,numeric,8,0,identity,1000000,20,8,0,0,0.010984,0.011342
numeric-repeat,control,numeric,8,0,identity,1000000,20,8,0,0,0.010953,0.011749
numeric-repeat,candidate,numeric,8,0,identity,1000000,20,8,0,0,0.010372,0.011116
numeric-repeat,candidate,numeric,8,0,identity,1000000,20,8,1,0,0.010366,0.011193
numeric-repeat,control,numeric,8,0,identity,1000000,20,8,1,0,0.01094,0.010748
numeric-repeat,baseline,numeric,8,0,identity,1000000,20,8,1,0,0.011006,0.011027
numeric-repeat,baseline,numeric,8,0,identity,1000000,20,8,2,0,0.011195,0.010777
numeric-repeat,control,numeric,8,0,identity,1000000,20,8,2,0,0.011267,0.011022
numeric-repeat,candidate,numeric,8,0,identity,1000000,20,8,2,0,0.011282,0.010558
numeric-repeat,candidate,numeric,8,0,identity,1000000,20,8,3,0,0.010854,0.010716
numeric-repeat,control,numeric,8,0,identity,1000000,20,8,3,0,0.011148,0.010837
numeric-repeat,baseline,numeric,8,0,identity,1000000,20,8,3,0,0.011845,0.010876
numeric-repeat,baseline,numeric,8,0,identity,1000000,20,8,4,0,0.011687,0.011191
numeric-repeat,control,numeric,8,0,identity,1000000,20,8,4,0,0.011518,0.011385
numeric-repeat,candidate,numeric,8,0,identity,1000000,20,8,4,0,0.010513,0.011144
numeric-repeat,candidate,numeric,8,0,identity,1000000,20,8,5,0,0.010951,0.010674
numeric-repeat,control,numeric,8,0,identity,1000000,20,8,5,0,0.011527,0.0114
numeric-repeat,baseline,numeric,8,0,identity,1000000,20,8,5,0,0.011339,0.012451
numeric-repeat,baseline,numeric,8,0,identity,1000000,20,8,6,0,0.01096,0.011081
numeric-repeat,control,numeric,8,0,identity,1000000,20,8,6,0,0.011617,0.011794
numeric-repeat,candidate,numeric,8,0,identity,1000000,20,8,6,0,0.01144,0.01108
numeric-repeat,candidate,numeric,8,0,identity,1000000,20,8,7,0,0.010954,0.010554
numeric-repeat,control,numeric,8,0,identity,1000000,20,8,7,0,0.011574,0.011201
numeric-repeat,baseline,numeric,8,0,identity,1000000,20,8,7,0,0.011377,0.011026
numeric-repeat,baseline,numeric,8,0,identity,1000000,20,8,8,0,0.011736,0.010937
numeric-repeat,control,numeric,8,0,identity,1000000,20,8,8,0,0.011719,0.01085
numeric-repeat,candidate,numeric,8,0,identity,1000000,20,8,8,0,0.01077,0.011418
numeric-repeat,candidate,numeric,8,0,identity,1000000,20,8,9,0,0.011085,0.010733
numeric-repeat,control,numeric,8,0,identity,1000000,20,8,9,0,0.01127,0.011341
numeric-repeat,baseline,numeric,8,0,identity,1000000,20,8,9,0,0.011604,0.010778
numeric-repeat,baseline,numeric,8,0,identity,1000000,20,8,10,0,0.011982,0.01099
numeric-repeat,control,numeric,8,0,identity,1000000,20,8,10,0,0.011916,0.010879
numeric-repeat,candidate,numeric,8,0,identity,1000000,20,8,10,0,0.011247,0.010814
numeric-repeat,candidate,numeric,8,0,identity,1000000,20,8,11,0,0.011669,0.010687
numeric-repeat,control,numeric,8,0,identity,1000000,20,8,11,0,0.011305,0.01155
numeric-repeat,baseline,numeric,8,0,identity,1000000,20,8,11,0,0.011644,0.011212
numeric-repeat,baseline,numeric,8,0,identity,1000000,20,8,12,0,0.011827,0.011534
numeric-repeat,control,numeric,8,0,identity,1000000,20,8,12,0,0.011626,0.01116
numeric-repeat,candidate,numeric,8,0,identity,1000000,20,8,12,0,0.010969,0.011013
numeric-repeat,candidate,numeric,8,0,identity,1000000,20,8,13,0,0.010974,0.010933
numeric-repeat,control,numeric,8,0,identity,1000000,20,8,13,0,0.011473,0.011161
numeric-repeat,baseline,numeric,8,0,identity,1000000,20,8,13,0,0.011381,0.010816
numeric-repeat,baseline,numeric,8,0,identity,1000000,20,8,14,0,0.011476,0.011153
numeric-repeat,control,numeric,8,0,identity,1000000,20,8,14,0,0.011818,0.011211
numeric-repeat,candidate,numeric,8,0,identity,1000000,20,8,14,0,0.011764,0.011086
numeric-repeat,candidate,numeric,8,0,identity,1000000,20,8,15,0,0.010824,0.011474
numeric-repeat,control,numeric,8,0,identity,1000000,20,8,15,0,0.011486,0.011207
numeric-repeat,baseline,numeric,8,0,identity,1000000,20,8,15,0,0.01134,0.010867
numeric-repeat,baseline,numeric,8,0,identity,1000000,20,8,16,1,0.012022,0.010922
numeric-repeat,control,numeric,8,0,identity,1000000,20,8,16,1,0.011048,0.010719
numeric-repeat,candidate,numeric,8,0,identity,1000000,20,8,16,1,0.0105,0.010819
numeric-repeat,baseline,numeric,8,0,sorted,1000000,20,8,0,0,0.01097,0.019903
numeric-repeat,control,numeric,8,0,sorted,1000000,20,8,0,0,0.010858,0.020099
numeric-repeat,candidate,numeric,8,0,sorted,1000000,20,8,0,0,0.010417,0.02008
numeric-repeat,candidate,numeric,8,0,sorted,1000000,20,8,1,0,0.010484,0.0201
numeric-repeat,control,numeric,8,0,sorted,1000000,20,8,1,0,0.010929,0.019883
numeric-repeat,baseline,numeric,8,0,sorted,1000000,20,8,1,0,0.011125,0.020086
numeric-repeat,baseline,numeric,8,0,sorted,1000000,20,8,2,0,0.011146,0.020092
numeric-repeat,control,numeric,8,0,sorted,1000000,20,8,2,0,0.011098,0.019982
numeric-repeat,candidate,numeric,8,0,sorted,1000000,20,8,2,0,0.01103,0.019809
numeric-repeat,candidate,numeric,8,0,sorted,1000000,20,8,3,0,0.010371,0.020012
numeric-repeat,control,numeric,8,0,sorted,1000000,20,8,3,0,0.011062,0.019676
numeric-repeat,baseline,numeric,8,0,sorted,1000000,20,8,3,0,0.011174,0.019625
numeric-repeat,baseline,numeric,8,0,sorted,1000000,20,8,4,0,0.01124,0.022219
numeric-repeat,control,numeric,8,0,sorted,1000000,20,8,4,0,0.011056,0.019991
numeric-repeat,candidate,numeric,8,0,sorted,1000000,20,8,4,0,0.010945,0.019552
numeric-repeat,candidate,numeric,8,0,sorted,1000000,20,8,5,0,0.011399,0.020281
numeric-repeat,control,numeric,8,0,sorted,1000000,20,8,5,0,0.011034,0.020175
numeric-repeat,baseline,numeric,8,0,sorted,1000000,20,8,5,0,0.011012,0.019952
numeric-repeat,baseline,numeric,8,0,sorted,1000000,20,8,6,0,0.010863,0.02031
numeric-repeat,control,numeric,8,0,sorted,1000000,20,8,6,0,0.011756,0.020104
numeric-repeat,candidate,numeric,8,0,sorted,1000000,20,8,6,0,0.010483,0.019685
numeric-repeat,candidate,numeric,8,0,sorted,1000000,20,8,7,0,0.010347,0.020092
numeric-repeat,control,numeric,8,0,sorted,1000000,20,8,7,0,0.011165,0.022099
numeric-repeat,baseline,numeric,8,0,sorted,1000000,20,8,7,0,0.010799,0.020899
numeric-repeat,baseline,numeric,8,0,sorted,1000000,20,8,8,0,0.011033,0.021307
numeric-repeat,control,numeric,8,0,sorted,1000000,20,8,8,0,0.010982,0.020724
numeric-repeat,candidate,numeric,8,0,sorted,1000000,20,8,8,0,0.011446,0.021436
numeric-repeat,candidate,numeric,8,0,sorted,1000000,20,8,9,0,0.011873,0.02191
numeric-repeat,control,numeric,8,0,sorted,1000000,20,8,9,0,0.011668,0.020654
numeric-repeat,baseline,numeric,8,0,sorted,1000000,20,8,9,0,0.011849,0.019809
numeric-repeat,baseline,numeric,8,0,sorted,1000000,20,8,10,0,0.01069,0.0213
numeric-repeat,control,numeric,8,0,sorted,1000000,20,8,10,0,0.011307,0.020031
numeric-repeat,candidate,numeric,8,0,sorted,1000000,20,8,10,0,0.011155,0.019361
numeric-repeat,candidate,numeric,8,0,sorted,1000000,20,8,11,0,0.010264,0.019591
numeric-repeat,control,numeric,8,0,sorted,1000000,20,8,11,0,0.011011,0.019672
numeric-repeat,baseline,numeric,8,0,sorted,1000000,20,8,11,0,0.010933,0.019734
numeric-repeat,baseline,numeric,8,0,sorted,1000000,20,8,12,0,0.011376,0.019959
numeric-repeat,control,numeric,8,0,sorted,1000000,20,8,12,0,0.011378,0.019517
numeric-repeat,candidate,numeric,8,0,sorted,1000000,20,8,12,0,0.010708,0.020484
numeric-repeat,candidate,numeric,8,0,sorted,1000000,20,8,13,0,0.010343,0.021204
numeric-repeat,control,numeric,8,0,sorted,1000000,20,8,13,0,0.011143,0.02016
numeric-repeat,baseline,numeric,8,0,sorted,1000000,20,8,13,0,0.011068,0.019941
numeric-repeat,baseline,numeric,8,0,sorted,1000000,20,8,14,0,0.010995,0.019404
numeric-repeat,control,numeric,8,0,sorted,1000000,20,8,14,0,0.011217,0.019343
numeric-repeat,candidate,numeric,8,0,sorted,1000000,20,8,14,0,0.011061,0.019514
numeric-repeat,candidate,numeric,8,0,sorted,1000000,20,8,15,0,0.01044,0.019722
numeric-repeat,control,numeric,8,0,sorted,1000000,20,8,15,0,0.01117,0.01991
numeric-repeat,baseline,numeric,8,0,sorted,1000000,20,8,15,0,0.011577,0.019913
numeric-repeat,baseline,numeric,8,0,sorted,1000000,20,8,16,1,0.011048,0.021408
numeric-repeat,control,numeric,8,0,sorted,1000000,20,8,16,1,0.010838,0.01959
numeric-repeat,candidate,numeric,8,0,sorted,1000000,20,8,16,1,0.010341,0.020078
single-repeat,baseline,strings,244,0,identity,1000000,1,8,0,0,0.012879,0.015405
single-repeat,control,strings,244,0,identity,1000000,1,8,0,0,0.01124,0.01645
single-repeat,candidate,strings,244,0,identity,1000000,1,8,0,0,0.012073,0.018003
single-repeat,candidate,strings,244,0,identity,1000000,1,8,1,0,0.011249,0.016753
single-repeat,control,strings,244,0,identity,1000000,1,8,1,0,0.008954,0.012479
single-repeat,baseline,strings,244,0,identity,1000000,1,8,1,0,0.01073,0.011024
single-repeat,baseline,strings,244,0,identity,1000000,1,8,2,0,0.018733,0.020603
single-repeat,control,strings,244,0,identity,1000000,1,8,2,0,0.010369,0.015842
single-repeat,candidate,strings,244,0,identity,1000000,1,8,2,0,0.01065,0.015984
single-repeat,candidate,strings,244,0,identity,1000000,1,8,3,0,0.011105,0.01582
single-repeat,control,strings,244,0,identity,1000000,1,8,3,0,0.010646,0.014854
single-repeat,baseline,strings,244,0,identity,1000000,1,8,3,0,0.009712,0.015253
single-repeat,baseline,strings,244,0,identity,1000000,1,8,4,0,0.010289,0.016011
single-repeat,control,strings,244,0,identity,1000000,1,8,4,0,0.010019,0.013888
single-repeat,candidate,strings,244,0,identity,1000000,1,8,4,0,0.010123,0.01129
single-repeat,candidate,strings,244,0,identity,1000000,1,8,5,0,0.008472,0.011411
single-repeat,control,strings,244,0,identity,1000000,1,8,5,0,0.010425,0.01263
single-repeat,baseline,strings,244,0,identity,1000000,1,8,5,0,0.009905,0.012634
single-repeat,baseline,strings,244,0,identity,1000000,1,8,6,0,0.008958,0.013839
single-repeat,control,strings,244,0,identity,1000000,1,8,6,0,0.009003,0.01157
single-repeat,candidate,strings,244,0,identity,1000000,1,8,6,0,0.008901,0.012061
single-repeat,candidate,strings,244,0,identity,1000000,1,8,7,0,0.008831,0.013431
single-repeat,control,strings,244,0,identity,1000000,1,8,7,0,0.010039,0.01404
single-repeat,baseline,strings,244,0,identity,1000000,1,8,7,0,0.009694,0.012707
single-repeat,baseline,strings,244,0,identity,1000000,1,8,8,0,0.010257,0.012434
single-repeat,control,strings,244,0,identity,1000000,1,8,8,0,0.010153,0.021298
single-repeat,candidate,strings,244,0,identity,1000000,1,8,8,0,0.041879,0.053013
single-repeat,candidate,strings,244,0,identity,1000000,1,8,9,0,0.011132,0.015947
single-repeat,control,strings,244,0,identity,1000000,1,8,9,0,0.009457,0.01317
single-repeat,baseline,strings,244,0,identity,1000000,1,8,9,0,0.009237,0.013351
single-repeat,baseline,strings,244,0,identity,1000000,1,8,10,0,0.009348,0.012852
single-repeat,control,strings,244,0,identity,1000000,1,8,10,0,0.009101,0.010973
single-repeat,candidate,strings,244,0,identity,1000000,1,8,10,0,0.008913,0.011039
single-repeat,candidate,strings,244,0,identity,1000000,1,8,11,0,0.008794,0.0114
single-repeat,control,strings,244,0,identity,1000000,1,8,11,0,0.009101,0.01108
single-repeat,baseline,strings,244,0,identity,1000000,1,8,11,0,0.010556,0.01522
single-repeat,baseline,strings,244,0,identity,1000000,1,8,12,0,0.010278,0.016257
single-repeat,control,strings,244,0,identity,1000000,1,8,12,0,0.010305,0.014139
single-repeat,candidate,strings,244,0,identity,1000000,1,8,12,0,0.010669,0.015027
single-repeat,candidate,strings,244,0,identity,1000000,1,8,13,0,0.011253,0.017531
single-repeat,control,strings,244,0,identity,1000000,1,8,13,0,0.008966,0.011103
single-repeat,baseline,strings,244,0,identity,1000000,1,8,13,0,0.009274,0.011315
single-repeat,baseline,strings,244,0,identity,1000000,1,8,14,0,0.008985,0.011096
single-repeat,control,strings,244,0,identity,1000000,1,8,14,0,0.008811,0.010999
single-repeat,candidate,strings,244,0,identity,1000000,1,8,14,0,0.00874,0.010947
single-repeat,candidate,strings,244,0,identity,1000000,1,8,15,0,0.009037,0.011217
single-repeat,control,strings,244,0,identity,1000000,1,8,15,0,0.009628,0.014022
single-repeat,baseline,strings,244,0,identity,1000000,1,8,15,0,0.009886,0.01443
single-repeat,baseline,strings,244,0,identity,1000000,1,8,16,1,0.009752,0.013846
single-repeat,control,strings,244,0,identity,1000000,1,8,16,1,0.008687,0.014733
single-repeat,candidate,strings,244,0,identity,1000000,1,8,16,1,0.009966,0.014091
single-repeat,baseline,strings,244,0,sorted,1000000,1,8,0,0,0.01007,0.041065
single-repeat,control,strings,244,0,sorted,1000000,1,8,0,0,0.010213,0.039206
single-repeat,candidate,strings,244,0,sorted,1000000,1,8,0,0,0.008358,0.034785
single-repeat,candidate,strings,244,0,sorted,1000000,1,8,1,0,0.008732,0.034693
single-repeat,control,strings,244,0,sorted,1000000,1,8,1,0,0.008963,0.034789
single-repeat,baseline,strings,244,0,sorted,1000000,1,8,1,0,0.008531,0.034743
single-repeat,baseline,strings,244,0,sorted,1000000,1,8,2,0,0.00832,0.034747
single-repeat,control,strings,244,0,sorted,1000000,1,8,2,0,0.008499,0.034813
single-repeat,candidate,strings,244,0,sorted,1000000,1,8,2,0,0.008688,0.034731
single-repeat,candidate,strings,244,0,sorted,1000000,1,8,3,0,0.008688,0.037016
single-repeat,control,strings,244,0,sorted,1000000,1,8,3,0,0.008669,0.034992
single-repeat,baseline,strings,244,0,sorted,1000000,1,8,3,0,0.008465,0.036231
single-repeat,baseline,strings,244,0,sorted,1000000,1,8,4,0,0.008668,0.035714
single-repeat,control,strings,244,0,sorted,1000000,1,8,4,0,0.008753,0.034997
single-repeat,candidate,strings,244,0,sorted,1000000,1,8,4,0,0.00985,0.0444
single-repeat,candidate,strings,244,0,sorted,1000000,1,8,5,0,0.010043,0.043932
single-repeat,control,strings,244,0,sorted,1000000,1,8,5,0,0.009981,0.052004
single-repeat,baseline,strings,244,0,sorted,1000000,1,8,5,0,0.008644,0.035234
single-repeat,baseline,strings,244,0,sorted,1000000,1,8,6,0,0.008332,0.034971
single-repeat,control,strings,244,0,sorted,1000000,1,8,6,0,0.008681,0.03496
single-repeat,candidate,strings,244,0,sorted,1000000,1,8,6,0,0.007972,0.034814
single-repeat,candidate,strings,244,0,sorted,1000000,1,8,7,0,0.008524,0.035122
single-repeat,control,strings,244,0,sorted,1000000,1,8,7,0,0.008893,0.034854
single-repeat,baseline,strings,244,0,sorted,1000000,1,8,7,0,0.009778,0.039455
single-repeat,baseline,strings,244,0,sorted,1000000,1,8,8,0,0.010453,0.039159
single-repeat,control,strings,244,0,sorted,1000000,1,8,8,0,0.009644,0.038745
single-repeat,candidate,strings,244,0,sorted,1000000,1,8,8,0,0.008523,0.034761
single-repeat,candidate,strings,244,0,sorted,1000000,1,8,9,0,0.008207,0.034978
single-repeat,control,strings,244,0,sorted,1000000,1,8,9,0,0.008611,0.035209
single-repeat,baseline,strings,244,0,sorted,1000000,1,8,9,0,0.008132,0.034785
single-repeat,baseline,strings,244,0,sorted,1000000,1,8,10,0,0.008669,0.037343
single-repeat,control,strings,244,0,sorted,1000000,1,8,10,0,0.010016,0.039075
single-repeat,candidate,strings,244,0,sorted,1000000,1,8,10,0,0.008588,0.034842
single-repeat,candidate,strings,244,0,sorted,1000000,1,8,11,0,0.008694,0.034803
single-repeat,control,strings,244,0,sorted,1000000,1,8,11,0,0.008083,0.039327
single-repeat,baseline,strings,244,0,sorted,1000000,1,8,11,0,0.008765,0.034679
single-repeat,baseline,strings,244,0,sorted,1000000,1,8,12,0,0.008786,0.034729
single-repeat,control,strings,244,0,sorted,1000000,1,8,12,0,0.008797,0.038146
single-repeat,candidate,strings,244,0,sorted,1000000,1,8,12,0,0.007753,0.034803
single-repeat,candidate,strings,244,0,sorted,1000000,1,8,13,0,0.007703,0.0348
single-repeat,control,strings,244,0,sorted,1000000,1,8,13,0,0.008609,0.034799
single-repeat,baseline,strings,244,0,sorted,1000000,1,8,13,0,0.008299,0.034849
single-repeat,baseline,strings,244,0,sorted,1000000,1,8,14,0,0.008669,0.036486
single-repeat,control,strings,244,0,sorted,1000000,1,8,14,0,0.008738,0.036551
single-repeat,candidate,strings,244,0,sorted,1000000,1,8,14,0,0.007975,0.034964
single-repeat,candidate,strings,244,0,sorted,1000000,1,8,15,0,0.008233,0.035825
single-repeat,control,strings,244,0,sorted,1000000,1,8,15,0,0.009553,0.047172
single-repeat,baseline,strings,244,0,sorted,1000000,1,8,15,0,0.008678,0.034968
single-repeat,baseline,strings,244,0,sorted,1000000,1,8,16,1,0.009148,0.039631
single-repeat,control,strings,244,0,sorted,1000000,1,8,16,1,0.008778,0.034896
single-repeat,candidate,strings,244,0,sorted,1000000,1,8,16,1,0.008661,0.036032
three-repeat,baseline,numeric,8,1,identity,1000000,3,8,0,0,0.004609,0.003715
three-repeat,control,numeric,8,1,identity,1000000,3,8,0,0,0.003846,0.003697
three-repeat,candidate,numeric,8,1,identity,1000000,3,8,0,0,0.001709,0.00135
three-repeat,candidate,numeric,8,1,identity,1000000,3,8,1,0,0.001792,0.001298
three-repeat,control,numeric,8,1,identity,1000000,3,8,1,0,0.003778,0.003439
three-repeat,baseline,numeric,8,1,identity,1000000,3,8,1,0,0.003681,0.003475
three-repeat,baseline,numeric,8,1,identity,1000000,3,8,2,0,0.003722,0.00348
three-repeat,control,numeric,8,1,identity,1000000,3,8,2,0,0.003645,0.003465
three-repeat,candidate,numeric,8,1,identity,1000000,3,8,2,0,0.001669,0.00126
three-repeat,candidate,numeric,8,1,identity,1000000,3,8,3,0,0.001613,0.001256
three-repeat,control,numeric,8,1,identity,1000000,3,8,3,0,0.003667,0.003426
three-repeat,baseline,numeric,8,1,identity,1000000,3,8,3,0,0.003655,0.003472
three-repeat,baseline,numeric,8,1,identity,1000000,3,8,4,0,0.003723,0.003481
three-repeat,control,numeric,8,1,identity,1000000,3,8,4,0,0.00372,0.00347
three-repeat,candidate,numeric,8,1,identity,1000000,3,8,4,0,0.001678,0.001256
three-repeat,candidate,numeric,8,1,identity,1000000,3,8,5,0,0.001745,0.001293
three-repeat,control,numeric,8,1,identity,1000000,3,8,5,0,0.003802,0.003418
three-repeat,baseline,numeric,8,1,identity,1000000,3,8,5,0,0.003682,0.003485
three-repeat,baseline,numeric,8,1,identity,1000000,3,8,6,0,0.003814,0.003456
three-repeat,control,numeric,8,1,identity,1000000,3,8,6,0,0.003942,0.010381
three-repeat,candidate,numeric,8,1,identity,1000000,3,8,6,0,0.018334,0.009169
three-repeat,candidate,numeric,8,1,identity,1000000,3,8,7,0,0.007058,0.01573
three-repeat,control,numeric,8,1,identity,1000000,3,8,7,0,0.004723,0.00524
three-repeat,baseline,numeric,8,1,identity,1000000,3,8,7,0,0.004362,0.004052
three-repeat,baseline,numeric,8,1,identity,1000000,3,8,8,0,0.007479,0.005234
three-repeat,control,numeric,8,1,identity,1000000,3,8,8,0,0.004243,0.003941
three-repeat,candidate,numeric,8,1,identity,1000000,3,8,8,0,0.003149,0.002437
three-repeat,candidate,numeric,8,1,identity,1000000,3,8,9,0,0.002725,0.001945
three-repeat,control,numeric,8,1,identity,1000000,3,8,9,0,0.003695,0.003475
three-repeat,baseline,numeric,8,1,identity,1000000,3,8,9,0,0.003692,0.003462
three-repeat,baseline,numeric,8,1,identity,1000000,3,8,10,0,0.00357,0.003467
three-repeat,control,numeric,8,1,identity,1000000,3,8,10,0,0.003726,0.003562
three-repeat,candidate,numeric,8,1,identity,1000000,3,8,10,0,0.002463,0.002013
three-repeat,candidate,numeric,8,1,identity,1000000,3,8,11,0,0.001643,0.001256
three-repeat,control,numeric,8,1,identity,1000000,3,8,11,0,0.003675,0.00348
three-repeat,baseline,numeric,8,1,identity,1000000,3,8,11,0,0.003938,0.003425
three-repeat,baseline,numeric,8,1,identity,1000000,3,8,12,0,0.003863,0.003481
three-repeat,control,numeric,8,1,identity,1000000,3,8,12,0,0.003697,0.003506
three-repeat,candidate,numeric,8,1,identity,1000000,3,8,12,0,0.001641,0.001353
three-repeat,candidate,numeric,8,1,identity,1000000,3,8,13,0,0.001551,0.001258
three-repeat,control,numeric,8,1,identity,1000000,3,8,13,0,0.003665,0.003473
three-repeat,baseline,numeric,8,1,identity,1000000,3,8,13,0,0.003745,0.003476
three-repeat,baseline,numeric,8,1,identity,1000000,3,8,14,0,0.003724,0.003453
three-repeat,control,numeric,8,1,identity,1000000,3,8,14,0,0.003665,0.003457
three-repeat,candidate,numeric,8,1,identity,1000000,3,8,14,0,0.00156,0.001364
three-repeat,candidate,numeric,8,1,identity,1000000,3,8,15,0,0.001935,0.001258
three-repeat,control,numeric,8,1,identity,1000000,3,8,15,0,0.003686,0.003476
three-repeat,baseline,numeric,8,1,identity,1000000,3,8,15,0,0.003704,0.003474
three-repeat,baseline,numeric,8,1,identity,1000000,3,8,16,1,0.003726,0.003471
three-repeat,control,numeric,8,1,identity,1000000,3,8,16,1,0.003735,0.003473
three-repeat,candidate,numeric,8,1,identity,1000000,3,8,16,1,0.001635,0.001316
three-repeat,baseline,numeric,8,1,sorted,1000000,3,8,0,0,0.003768,0.005381
three-repeat,control,numeric,8,1,sorted,1000000,3,8,0,0,0.003739,0.005722
three-repeat,candidate,numeric,8,1,sorted,1000000,3,8,0,0,0.001595,0.003563
three-repeat,candidate,numeric,8,1,sorted,1000000,3,8,1,0,0.002401,0.003615
three-repeat,control,numeric,8,1,sorted,1000000,3,8,1,0,0.003705,0.005464
three-repeat,baseline,numeric,8,1,sorted,1000000,3,8,1,0,0.003724,0.005801
three-repeat,baseline,numeric,8,1,sorted,1000000,3,8,2,0,0.003787,0.005677
three-repeat,control,numeric,8,1,sorted,1000000,3,8,2,0,0.003934,0.005795
three-repeat,candidate,numeric,8,1,sorted,1000000,3,8,2,0,0.002455,0.003603
three-repeat,candidate,numeric,8,1,sorted,1000000,3,8,3,0,0.002444,0.003565
three-repeat,control,numeric,8,1,sorted,1000000,3,8,3,0,0.003684,0.006038
three-repeat,baseline,numeric,8,1,sorted,1000000,3,8,3,0,0.00375,0.005749
three-repeat,baseline,numeric,8,1,sorted,1000000,3,8,4,0,0.003727,0.006013
three-repeat,control,numeric,8,1,sorted,1000000,3,8,4,0,0.003725,0.005763
three-repeat,candidate,numeric,8,1,sorted,1000000,3,8,4,0,0.002452,0.00433
three-repeat,candidate,numeric,8,1,sorted,1000000,3,8,5,0,0.002547,0.003848
three-repeat,control,numeric,8,1,sorted,1000000,3,8,5,0,0.00378,0.00599
three-repeat,baseline,numeric,8,1,sorted,1000000,3,8,5,0,0.003884,0.005759
three-repeat,baseline,numeric,8,1,sorted,1000000,3,8,6,0,0.003677,0.005768
three-repeat,control,numeric,8,1,sorted,1000000,3,8,6,0,0.003704,0.005801
three-repeat,candidate,numeric,8,1,sorted,1000000,3,8,6,0,0.002344,0.003294
three-repeat,candidate,numeric,8,1,sorted,1000000,3,8,7,0,0.002241,0.00344
three-repeat,control,numeric,8,1,sorted,1000000,3,8,7,0,0.003826,0.006146
three-repeat,baseline,numeric,8,1,sorted,1000000,3,8,7,0,0.003679,0.006291
three-repeat,baseline,numeric,8,1,sorted,1000000,3,8,8,0,0.003691,0.006416
three-repeat,control,numeric,8,1,sorted,1000000,3,8,8,0,0.004051,0.006241
three-repeat,candidate,numeric,8,1,sorted,1000000,3,8,8,0,0.002539,0.004596
three-repeat,candidate,numeric,8,1,sorted,1000000,3,8,9,0,0.002802,0.004952
three-repeat,control,numeric,8,1,sorted,1000000,3,8,9,0,0.003814,0.006069
three-repeat,baseline,numeric,8,1,sorted,1000000,3,8,9,0,0.00397,0.006519
three-repeat,baseline,numeric,8,1,sorted,1000000,3,8,10,0,0.003792,0.006304
three-repeat,control,numeric,8,1,sorted,1000000,3,8,10,0,0.003698,0.005977
three-repeat,candidate,numeric,8,1,sorted,1000000,3,8,10,0,0.00257,0.003768
three-repeat,candidate,numeric,8,1,sorted,1000000,3,8,11,0,0.002545,0.003198
three-repeat,control,numeric,8,1,sorted,1000000,3,8,11,0,0.003711,0.006058
three-repeat,baseline,numeric,8,1,sorted,1000000,3,8,11,0,0.003731,0.005905
three-repeat,baseline,numeric,8,1,sorted,1000000,3,8,12,0,0.003771,0.005817
three-repeat,control,numeric,8,1,sorted,1000000,3,8,12,0,0.00366,0.005577
three-repeat,candidate,numeric,8,1,sorted,1000000,3,8,12,0,0.002135,0.003554
three-repeat,candidate,numeric,8,1,sorted,1000000,3,8,13,0,0.002516,0.003302
three-repeat,control,numeric,8,1,sorted,1000000,3,8,13,0,0.003712,0.006183
three-repeat,baseline,numeric,8,1,sorted,1000000,3,8,13,0,0.003719,0.006117
three-repeat,baseline,numeric,8,1,sorted,1000000,3,8,14,0,0.003712,0.005834
three-repeat,control,numeric,8,1,sorted,1000000,3,8,14,0,0.003818,0.005874
three-repeat,candidate,numeric,8,1,sorted,1000000,3,8,14,0,0.002512,0.003868
three-repeat,candidate,numeric,8,1,sorted,1000000,3,8,15,0,0.002287,0.003365
three-repeat,control,numeric,8,1,sorted,1000000,3,8,15,0,0.003816,0.005808
three-repeat,baseline,numeric,8,1,sorted,1000000,3,8,15,0,0.003664,0.005869
three-repeat,baseline,numeric,8,1,sorted,1000000,3,8,16,1,0.003797,0.005906
three-repeat,control,numeric,8,1,sorted,1000000,3,8,16,1,0.003652,0.006055
three-repeat,candidate,numeric,8,1,sorted,1000000,3,8,16,1,0.00206,0.002668
three-repeat,baseline,numeric,8,0,identity,1000000,3,8,0,0,0.003979,0.003695
three-repeat,control,numeric,8,0,identity,1000000,3,8,0,0,0.003679,0.003694
three-repeat,candidate,numeric,8,0,identity,1000000,3,8,0,0,0.001849,0.001588
three-repeat,candidate,numeric,8,0,identity,1000000,3,8,1,0,0.001675,0.001341
three-repeat,control,numeric,8,0,identity,1000000,3,8,1,0,0.003675,0.003734
three-repeat,baseline,numeric,8,0,identity,1000000,3,8,1,0,0.003714,0.003705
three-repeat,baseline,numeric,8,0,identity,1000000,3,8,2,0,0.003613,0.003681
three-repeat,control,numeric,8,0,identity,1000000,3,8,2,0,0.003605,0.003708
three-repeat,candidate,numeric,8,0,identity,1000000,3,8,2,0,0.003146,0.017179
three-repeat,candidate,numeric,8,0,identity,1000000,3,8,3,0,0.026768,0.004223
three-repeat,control,numeric,8,0,identity,1000000,3,8,3,0,0.004652,0.003508
three-repeat,baseline,numeric,8,0,identity,1000000,3,8,3,0,0.006258,0.013204
three-repeat,baseline,numeric,8,0,identity,1000000,3,8,4,0,0.006048,0.003588
three-repeat,control,numeric,8,0,identity,1000000,3,8,4,0,0.003743,0.003479
three-repeat,candidate,numeric,8,0,identity,1000000,3,8,4,0,0.003096,0.002461
three-repeat,candidate,numeric,8,0,identity,1000000,3,8,5,0,0.003188,0.002105
three-repeat,control,numeric,8,0,identity,1000000,3,8,5,0,0.003722,0.003636
three-repeat,baseline,numeric,8,0,identity,1000000,3,8,5,0,0.003667,0.003464
three-repeat,baseline,numeric,8,0,identity,1000000,3,8,6,0,0.003673,0.003461
three-repeat,control,numeric,8,0,identity,1000000,3,8,6,0,0.003711,0.003459
three-repeat,candidate,numeric,8,0,identity,1000000,3,8,6,0,0.00202,0.00126
three-repeat,candidate,numeric,8,0,identity,1000000,3,8,7,0,0.001679,0.00137
three-repeat,control,numeric,8,0,identity,1000000,3,8,7,0,0.003755,0.003453
three-repeat,baseline,numeric,8,0,identity,1000000,3,8,7,0,0.003674,0.003476
three-repeat,baseline,numeric,8,0,identity,1000000,3,8,8,0,0.003611,0.003474
three-repeat,control,numeric,8,0,identity,1000000,3,8,8,0,0.00361,0.00347
three-repeat,candidate,numeric,8,0,identity,1000000,3,8,8,0,0.001612,0.001265
three-repeat,candidate,numeric,8,0,identity,1000000,3,8,9,0,0.002176,0.001257
three-repeat,control,numeric,8,0,identity,1000000,3,8,9,0,0.003659,0.003477
three-repeat,baseline,numeric,8,0,identity,1000000,3,8,9,0,0.003623,0.003516
three-repeat,baseline,numeric,8,0,identity,1000000,3,8,10,0,0.003664,0.003468
three-repeat,control,numeric,8,0,identity,1000000,3,8,10,0,0.00373,0.003466
three-repeat,candidate,numeric,8,0,identity,1000000,3,8,10,0,0.001711,0.001259
three-repeat,candidate,numeric,8,0,identity,1000000,3,8,11,0,0.00207,0.001256
three-repeat,control,numeric,8,0,identity,1000000,3,8,11,0,0.003664,0.003465
three-repeat,baseline,numeric,8,0,identity,1000000,3,8,11,0,0.003734,0.003481
three-repeat,baseline,numeric,8,0,identity,1000000,3,8,12,0,0.003719,0.003464
three-repeat,control,numeric,8,0,identity,1000000,3,8,12,0,0.003722,0.003516
three-repeat,candidate,numeric,8,0,identity,1000000,3,8,12,0,0.001553,0.001258
three-repeat,candidate,numeric,8,0,identity,1000000,3,8,13,0,0.001549,0.001254
three-repeat,control,numeric,8,0,identity,1000000,3,8,13,0,0.003664,0.003504
three-repeat,baseline,numeric,8,0,identity,1000000,3,8,13,0,0.003719,0.003487
three-repeat,baseline,numeric,8,0,identity,1000000,3,8,14,0,0.003687,0.003488
three-repeat,control,numeric,8,0,identity,1000000,3,8,14,0,0.003699,0.003458
three-repeat,candidate,numeric,8,0,identity,1000000,3,8,14,0,0.001625,0.00192
three-repeat,candidate,numeric,8,0,identity,1000000,3,8,15,0,0.001563,0.001247
three-repeat,control,numeric,8,0,identity,1000000,3,8,15,0,0.003627,0.003449
three-repeat,baseline,numeric,8,0,identity,1000000,3,8,15,0,0.003669,0.003467
three-repeat,baseline,numeric,8,0,identity,1000000,3,8,16,1,0.003624,0.003467
three-repeat,control,numeric,8,0,identity,1000000,3,8,16,1,0.00362,0.003472
three-repeat,candidate,numeric,8,0,identity,1000000,3,8,16,1,0.001606,0.001314
three-repeat,baseline,numeric,8,0,sorted,1000000,3,8,0,0,0.003709,0.005653
three-repeat,control,numeric,8,0,sorted,1000000,3,8,0,0,0.003678,0.00544
three-repeat,candidate,numeric,8,0,sorted,1000000,3,8,0,0,0.001611,0.002361
three-repeat,candidate,numeric,8,0,sorted,1000000,3,8,1,0,0.00208,0.003891
three-repeat,control,numeric,8,0,sorted,1000000,3,8,1,0,0.003702,0.005607
three-repeat,baseline,numeric,8,0,sorted,1000000,3,8,1,0,0.003911,0.00583
three-repeat,baseline,numeric,8,0,sorted,1000000,3,8,2,0,0.003715,0.005544
three-repeat,control,numeric,8,0,sorted,1000000,3,8,2,0,0.003716,0.005865
three-repeat,candidate,numeric,8,0,sorted,1000000,3,8,2,0,0.002432,0.003467
three-repeat,candidate,numeric,8,0,sorted,1000000,3,8,3,0,0.002458,0.002827
three-repeat,control,numeric,8,0,sorted,1000000,3,8,3,0,0.003728,0.005716
three-repeat,baseline,numeric,8,0,sorted,1000000,3,8,3,0,0.003844,0.005825
three-repeat,baseline,numeric,8,0,sorted,1000000,3,8,4,0,0.003662,0.005693
three-repeat,control,numeric,8,0,sorted,1000000,3,8,4,0,0.003718,0.00584
three-repeat,candidate,numeric,8,0,sorted,1000000,3,8,4,0,0.00161,0.002378
three-repeat,candidate,numeric,8,0,sorted,1000000,3,8,5,0,0.001544,0.002458
three-repeat,control,numeric,8,0,sorted,1000000,3,8,5,0,0.00368,0.005714
three-repeat,baseline,numeric,8,0,sorted,1000000,3,8,5,0,0.003684,0.005684
three-repeat,baseline,numeric,8,0,sorted,1000000,3,8,6,0,0.003691,0.005679
three-repeat,control,numeric,8,0,sorted,1000000,3,8,6,0,0.003667,0.00544
three-repeat,candidate,numeric,8,0,sorted,1000000,3,8,6,0,0.001797,0.002447
three-repeat,candidate,numeric,8,0,sorted,1000000,3,8,7,0,0.00155,0.00248
three-repeat,control,numeric,8,0,sorted,1000000,3,8,7,0,0.003684,0.005462
three-repeat,baseline,numeric,8,0,sorted,1000000,3,8,7,0,0.003749,0.004968
three-repeat,baseline,numeric,8,0,sorted,1000000,3,8,8,0,0.003736,0.005655
three-repeat,control,numeric,8,0,sorted,1000000,3,8,8,0,0.003731,0.005383
three-repeat,candidate,numeric,8,0,sorted,1000000,3,8,8,0,0.001741,0.003811
three-repeat,candidate,numeric,8,0,sorted,1000000,3,8,9,0,0.002036,0.002576
three-repeat,control,numeric,8,0,sorted,1000000,3,8,9,0,0.003586,0.005558
three-repeat,baseline,numeric,8,0,sorted,1000000,3,8,9,0,0.003678,0.005279
three-repeat,baseline,numeric,8,0,sorted,1000000,3,8,10,0,0.003677,0.005509
three-repeat,control,numeric,8,0,sorted,1000000,3,8,10,0,0.003673,0.005639
three-repeat,candidate,numeric,8,0,sorted,1000000,3,8,10,0,0.002475,0.002602
three-repeat,candidate,numeric,8,0,sorted,1000000,3,8,11,0,0.001576,0.002463
three-repeat,control,numeric,8,0,sorted,1000000,3,8,11,0,0.003714,0.005459
three-repeat,baseline,numeric,8,0,sorted,1000000,3,8,11,0,0.003736,0.005575
three-repeat,baseline,numeric,8,0,sorted,1000000,3,8,12,0,0.003619,0.005496
three-repeat,control,numeric,8,0,sorted,1000000,3,8,12,0,0.003668,0.005563
three-repeat,candidate,numeric,8,0,sorted,1000000,3,8,12,0,0.001754,0.002341
three-repeat,candidate,numeric,8,0,sorted,1000000,3,8,13,0,0.001551,0.002366
three-repeat,control,numeric,8,0,sorted,1000000,3,8,13,0,0.003714,0.005104
three-repeat,baseline,numeric,8,0,sorted,1000000,3,8,13,0,0.00395,0.005559
three-repeat,baseline,numeric,8,0,sorted,1000000,3,8,14,0,0.00371,0.005272
three-repeat,control,numeric,8,0,sorted,1000000,3,8,14,0,0.00379,0.00558
three-repeat,candidate,numeric,8,0,sorted,1000000,3,8,14,0,0.001612,0.002335
three-repeat,candidate,numeric,8,0,sorted,1000000,3,8,15,0,0.001553,0.002388
three-repeat,control,numeric,8,0,sorted,1000000,3,8,15,0,0.003675,0.005537
three-repeat,baseline,numeric,8,0,sorted,1000000,3,8,15,0,0.003642,0.005503
three-repeat,baseline,numeric,8,0,sorted,1000000,3,8,16,1,0.003765,0.005669
three-repeat,control,numeric,8,0,sorted,1000000,3,8,16,1,0.003739,0.005906
three-repeat,candidate,numeric,8,0,sorted,1000000,3,8,16,1,0.002464,0.003568
