group,shape,width,hints,mode,selected_rows,columns,threads,baseline_repetitions,baseline_load_median,baseline_load_min,baseline_load_max,baseline_store_median,baseline_store_min,baseline_store_max,candidate_repetitions,candidate_load_median,candidate_load_min,candidate_load_max,candidate_store_median,candidate_store_min,candidate_store_max,load_speedup,load_paired_count,load_paired_speedup_median,load_paired_speedup_min,load_paired_speedup_max,store_speedup,store_paired_count,store_paired_speedup_median,store_paired_speedup_min,store_paired_speedup_max
numeric-repeat,numeric,8,0,identity,1000000,20,8,15,0.011476,0.01096,0.011982,0.011026,0.010777,0.012451,15,0.010969,0.010366,0.011764,0.010933,0.010554,0.011474,1.0462211687482907,15,1.0468200270635994,0.9580419580419579,1.1116712641491486,1.008506356901125,15,1.006043658668591,0.9470977862994596,1.1664792954843546
numeric-repeat,numeric,8,0,sorted,1000000,20,8,15,0.011068,0.01069,0.011849,0.019959,0.019404,0.022219,15,0.010708,0.010264,0.011873,0.020012,0.019361,0.02191,1.0336197235711617,15,1.0362491653152723,0.9583146571044374,1.1089080459770115,0.9973515890465722,15,0.9993034825870647,0.9041077133728892,1.1364054828150572
numeric-repeat,numeric,8,1,identity,1000000,20,8,15,0.011382,0.010847,0.015744,0.011193,0.010889,0.016293,15,0.010973,0.010475,0.01237,0.01106,0.010547,0.013449,1.037273307208603,15,1.0590070921985817,0.9885172696618975,1.370473537604457,1.012025316455696,15,1.0198064169205951,0.8579076511264778,1.479433396894579
numeric-repeat,numeric,8,1,sorted,1000000,20,8,15,0.010979,0.010675,0.011461,0.020962,0.019455,0.022587,15,0.010416,0.010274,0.011241,0.020114,0.019423,0.022518,1.0540514592933947,15,1.0465048543689321,1.0195712125255763,1.0936961103659706,1.0421596897683207,15,1.0101919061350304,0.9308997246647127,1.161703440827033
single-repeat,strings,244,0,identity,1000000,1,8,15,0.009886,0.008958,0.018733,0.013351,0.011024,0.020603,15,0.010123,0.008472,0.041879,0.013431,0.010947,0.053013,0.9765879679936779,15,1.016398300898943,0.24491988824948066,1.7589671361502348,0.9940436304072667,15,1.0818526652026352,0.23454624337426672,1.4181576616474758
single-repeat,strings,244,0,sorted,1000000,1,8,15,0.008668,0.008132,0.010453,0.034971,0.034679,0.039455,15,0.008524,0.007703,0.010043,0.034842,0.034693,0.0444,1.016893477240732,15,1.0094317652538425,0.8606989943244051,1.2264460870585476,1.0037024281040126,15,1.0004606835392014,0.8020122006737687,1.1265211012341416
three-repeat,numeric,8,0,identity,1000000,3,8,15,0.003674,0.003611,0.006258,0.003481,0.003461,0.013204,15,0.001711,0.001549,0.026768,0.001265,0.001247,0.017179,2.147282291057861,15,2.141437755698422,0.23378661087866107,2.4009038089089736,2.7517786561264823,15,2.753577106518283,0.21427324058443448,3.126687189201989
three-repeat,numeric,8,0,sorted,1000000,3,8,15,0.00371,0.003619,0.00395,0.005559,0.004968,0.00583,15,0.001741,0.001544,0.002475,0.002463,0.002335,0.003891,2.1309592188397475,15,2.145893164847789,1.4856565656565657,2.5467440361057383,2.25700365408039,15,2.2578158458244113,1.483862503279979,2.3940285954583684
three-repeat,numeric,8,1,identity,1000000,3,8,15,0.003723,0.00357,0.007479,0.003475,0.003425,0.005234,15,0.001745,0.001551,0.018334,0.001298,0.001256,0.01573,2.13352435530086,15,2.218712753277712,0.20802879895276535,2.4145712443584784,2.677195685670262,15,2.677195685670262,0.2575969485060394,2.7714968152866244
three-repeat,numeric,8,1,sorted,1000000,3,8,15,0.003727,0.003664,0.00397,0.005869,0.005677,0.006519,15,0.002455,0.002135,0.002802,0.003603,0.003198,0.004952,1.5181262729124234,15,1.524931291715744,1.4168451106352604,1.7662763466042153,1.6289203441576465,15,1.6126227208976156,1.316437802907916,1.8525136281041794
